user_id,full_name,age,gender,city,state,country,education,occupation,experience_years,industry,skills,professional_goal,about_me,interests,hobbies,mbti
U0001,Devansh Soni,22,Female,Bhubaneswar,Odisha,India,M.Tech Artificial Intelligence,Cloud Engineer,0,Cloud Computing,"AWS, Terraform, Azure, Google Cloud",Build scalable cloud infrastructure,Cloud engineer passionate about designing scalable and secure cloud solutions.,"Cloud Computing, DevOps, Automation","Cycling, Reading, Photography",INFP
U0002,Chaaya Nadig,26,Female,Nagpur,Maharashtra,India,B.Tech Information Technology,Frontend Developer,4,Software Development,"CSS, JavaScript, Tailwind CSS, Flutter",Become a UI Engineering Lead,Love combining creativity with technology to build engaging products.,"Mobile Development, Web Design, Accessibility","Sketching, Travel, Music",ESTJ
U0003,Vrinda Halder,25,Female,Bengaluru,Karnataka,India,M.Tech Artificial Intelligence,Cloud Engineer,3,Cloud Computing,"CI/CD, Docker, Terraform, Linux",Become a Cloud Solutions Architect,I enjoy automating infrastructure and deploying highly available applications.,"DevOps, Cloud Computing, Infrastructure","Cycling, Reading, Photography",ESFJ
U0004,Pratyush Venkataraman,23,Male,Bhubaneswar,Odisha,India,B.Tech Computer Science,Full Stack Developer,1,Software Development,"Node.js, HTML, React, Express.js",Build scalable web applications,Love creating responsive user interfaces and scalable backend systems.,"Software Architecture, Cloud Computing, Open Source","Reading, Photography, Gaming",ENTP
U0005,Neha Ravi,33,Male,Thiruvananthapuram,Kerala,India,M.Tech Data Science,UI/UX Designer,9,Design,"Wireframing, Prototyping, Figma, CSS",Create accessible interfaces,Love combining creativity with technology to solve real-world problems.,"UX Research, Creativity, Product Design","Photography, Sketching, Music",INFP
U0006,Mitali Din,33,Female,Bhubaneswar,Odisha,India,M.Sc Computer Science,UI/UX Designer,6,Design,"Adobe XD, Wireframing, HTML, CSS",Design intuitive user experiences,Creative designer passionate about user-centered experiences.,"UX Research, Accessibility, Product Design","Sketching, Travel, Music",INFJ
U0007,Lopa Mistry,29,Female,Warangal,Telangana,India,M.Tech Artificial Intelligence,Cybersecurity Analyst,4,Cybersecurity,"Penetration Testing, Wireshark, Python, Linux",Improve digital security,Focused on identifying threats and improving organizational security.,"Ethical Hacking, Cybersecurity, Digital Forensics","Gaming, Chess, Fitness",INTJ
U0008,Urvashi Sheth,29,Male,Nagpur,Maharashtra,India,B.Tech Computer Science,Product Manager,3,Product Management,"Agile, Scrum, Communication, Market Research",Launch innovative technology solutions,Product manager passionate about solving customer problems through technology.,"Innovation, Product Strategy, Leadership","Travel, Public Speaking, Reading",ESFP
U0009,Shaurya Sankar,33,Male,Surat,Gujarat,India,B.Tech Information Technology,Full Stack Developer,6,Software Development,"CSS, Node.js, Express.js, HTML",Lead development teams,Enjoy solving software engineering challenges and learning new technologies.,"Web Development, Cloud Computing, Software Architecture","Gaming, Travel, Reading",ENTP
U0010,Kritika Oza,24,Female,Nagpur,Maharashtra,India,B.E Computer Engineering,Full Stack Developer,2,Software Development,"Node.js, TypeScript, Express.js, React",Build scalable web applications,Love creating responsive user interfaces and scalable backend systems.,"Web Development, Software Architecture, Cloud Computing","Gaming, Photography, Reading",ISFP
U0011,Karan Mohan,28,Male,Pune,Maharashtra,India,B.E Computer Engineering,Cybersecurity Analyst,6,Cybersecurity,"Network Security, Wireshark, Linux, Incident Response",Become a Security Architect,"I enjoy ethical hacking, vulnerability assessment and secure software practices.","Ethical Hacking, Cybersecurity, Digital Forensics","Reading, Chess, Fitness",INTP
U0012,Noah Toor,21,Female,Madurai,Tamil Nadu,India,B.E Computer Engineering,Frontend Developer,0,Software Development,"JavaScript, Figma, Tailwind CSS, React",Build intuitive user interfaces,Love combining creativity with technology to build engaging products.,"Mobile Development, Accessibility, UI Design","Photography, Music, Sketching",ENTJ
U0013,Onveer Dave,31,Female,Vijayawada,Andhra Pradesh,India,M.Tech Artificial Intelligence,Cloud Engineer,8,Cloud Computing,"Docker, Google Cloud, CI/CD, Azure",Automate cloud deployments,I enjoy automating infrastructure and deploying highly available applications.,"Automation, Cloud Computing, Infrastructure","Cycling, Reading, Travel",ENTJ
U0014,Jeremiah Kaur,24,Male,Bhubaneswar,Odisha,India,MCA,UI/UX Designer,1,Design,"Prototyping, Wireframing, HTML, Adobe XD",Build user-friendly digital products,Love combining creativity with technology to solve real-world problems.,"Creativity, Accessibility, UX Research","Travel, Music, Sketching",INFJ
U0015,Ranbir Reddy,22,Male,Mangaluru,Karnataka,India,M.Tech Data Science,Backend Developer,1,Software Development,"SQL, REST APIs, Node.js, Java",Become a Software Architect,Love solving complex engineering problems behind the scenes.,"System Design, Databases, Distributed Systems","Chess, Reading, Coding",ISTJ
U0016,Lopa Kunda,21,Female,New Delhi,Delhi,India,B.E Computer Engineering,AI Engineer,1,Artificial Intelligence,"OpenCV, Deep Learning, Python, NLP",Build AI solutions for healthcare,Curious engineer interested in building intelligent systems that positively impact society.,"Machine Learning, Artificial Intelligence, Hackathons","Fitness, Chess, Travel",INFJ
U0017,Chandani Varughese,25,Female,New Delhi,Delhi,India,M.Tech Artificial Intelligence,AI Engineer,3,Artificial Intelligence,"Computer Vision, NLP, Python, PyTorch",Become an AI Architect,AI enthusiast with experience in deep learning and computer vision. I enjoy collaborative projects.,"Hackathons, Machine Learning, Artificial Intelligence","Chess, Fitness, Travel",INTJ
U0018,Suhani Shetty,32,Male,New Delhi,Delhi,India,M.Tech Data Science,Data Scientist,7,Data Science,"SQL, NumPy, Python, Tableau",Build predictive models,Passionate about transforming raw data into meaningful insights.,"Artificial Intelligence, Visualization, Business Intelligence","Reading, Photography, Travel",ENFJ
U0019,Arunima Sen,26,Female,Kochi,Kerala,India,MCA,Cloud Engineer,6,Cloud Computing,"Terraform, AWS, Linux, Google Cloud",Become a Cloud Solutions Architect,Interested in cloud-native technologies and DevOps practices.,"Automation, Cloud Computing, Infrastructure","Cycling, Photography, Reading",ISFP
U0020,Ridhi Saha,29,Male,Mysuru,Karnataka,India,M.Tech Data Science,Product Manager,3,Product Management,"Data Analysis, Agile, Leadership, Market Research",Lead successful product teams,I enjoy working with engineering and design teams to build innovative products.,"Product Strategy, Technology, Innovation","Public Speaking, Cycling, Reading",ISFJ
U0021,Teerth Mahal,25,Female,Kolkata,West Bengal,India,M.Tech Data Science,UI/UX Designer,3,Design,"Wireframing, Adobe XD, Prototyping, Design Systems",Create accessible interfaces,Love combining creativity with technology to solve real-world problems.,"Creativity, Product Design, UX Research","Travel, Photography, Sketching",ISFP
U0022,Wriddhish Vora,30,Female,New Delhi,Delhi,India,M.Sc Computer Science,Product Manager,7,Product Management,"Communication, Data Analysis, Market Research, Scrum",Build impactful digital products,I enjoy working with engineering and design teams to build innovative products.,"Leadership, Technology, Product Strategy","Public Speaking, Reading, Cycling",INFJ
U0023,Nirja Luthra,21,Male,Pune,Maharashtra,India,M.Sc Computer Science,AI Engineer,1,Artificial Intelligence,"Computer Vision, NLP, OpenCV, Scikit-learn",Create ethical AI applications,AI enthusiast with experience in deep learning and computer vision. I enjoy collaborative projects.,"Machine Learning, Hackathons, Computer Vision","Reading, Fitness, Chess",ENFP
U0024,Qarin Gour,33,Male,Bhubaneswar,Odisha,India,M.Tech Artificial Intelligence,Data Scientist,6,Data Science,"Scikit-learn, SQL, NumPy, Statistics",Support business decisions,"Love working with statistics, visualization, and predictive analytics.","Artificial Intelligence, Business Intelligence, Visualization","Reading, Travel, Cooking",ESTP
U0025,David Mitra,33,Female,Nagpur,Maharashtra,India,M.Sc Computer Science,Backend Developer,7,Software Development,"MongoDB, SQL, Python, Node.js",Design scalable APIs,"Enjoy designing APIs, databases, and cloud-based systems.","Cloud, Databases, Distributed Systems","Coding, Chess, Reading",ISTP
U0026,Fariq Aurora,32,Female,Mumbai,Maharashtra,India,BCA,Data Scientist,8,Data Science,"Scikit-learn, NumPy, Python, SQL",Become a Chief Data Scientist,"Love working with statistics, visualization, and predictive analytics.","Analytics, Business Intelligence, Visualization","Cooking, Photography, Reading",ISFJ
U0027,Upasna Das,34,Female,Kolkata,West Bengal,India,M.Tech Artificial Intelligence,Cloud Engineer,8,Cloud Computing,"Linux, Docker, AWS, CI/CD",Automate cloud deployments,Interested in cloud-native technologies and DevOps practices.,"Infrastructure, Automation, Cloud Computing","Cycling, Travel, Reading",ISTP
U0028,Harita Sridhar,30,Female,Chennai,Tamil Nadu,India,B.E Computer Engineering,Product Manager,9,Product Management,"Product Strategy, Agile, Communication, Roadmapping",Launch innovative technology solutions,Product manager passionate about solving customer problems through technology.,"Product Strategy, Innovation, Leadership","Cycling, Travel, Public Speaking",ISTJ
U0029,Gaurang Sahni,28,Male,Madurai,Tamil Nadu,India,MCA,Machine Learning Engineer,4,Artificial Intelligence,"Scikit-learn, SQL, MLOps, Python",Deploy production-ready ML models,Machine learning engineer passionate about predictive modeling and scalable AI solutions.,"Data Science, Machine Learning, MLOps","Gaming, Cycling, Music",ENTP
U0030,Faraj Mistry,24,Female,Surat,Gujarat,India,B.E Computer Engineering,Product Manager,3,Product Management,"Scrum, Data Analysis, Communication, Product Strategy",Build impactful digital products,"Driven by strategy, collaboration and data-informed decision making.","Technology, Innovation, Leadership","Cycling, Public Speaking, Reading",ENTJ
U0031,Gayathri Nagi,32,Female,Mumbai,Maharashtra,India,B.Tech Information Technology,Product Manager,10,Product Management,"Agile, Product Strategy, Leadership, Roadmapping",Launch innovative technology solutions,Product manager passionate about solving customer problems through technology.,"Leadership, Technology, Innovation","Cycling, Reading, Travel",ESFJ
U0032,Dalbir Solanki,32,Male,Warangal,Telangana,India,M.Tech Data Science,Cybersecurity Analyst,10,Cybersecurity,"SIEM, Wireshark, Incident Response, Penetration Testing",Become a Security Architect,"I enjoy ethical hacking, vulnerability assessment and secure software practices.","Networking, Cybersecurity, Ethical Hacking","Fitness, Chess, Gaming",ISTP
U0033,Harsh Korpal,21,Male,Surat,Gujarat,India,M.Sc Computer Science,Frontend Developer,0,Software Development,"Flutter, Figma, HTML, Tailwind CSS",Become a UI Engineering Lead,Love combining creativity with technology to build engaging products.,"Web Design, Accessibility, UI Design","Photography, Sketching, Music",ISFP
U0034,Gaurang Shankar,29,Female,Nagpur,Maharashtra,India,M.Sc Computer Science,Cybersecurity Analyst,6,Cybersecurity,"Network Security, SIEM, Linux, Ethical Hacking",Improve digital security,Focused on identifying threats and improving organizational security.,"Networking, Ethical Hacking, Digital Forensics","Fitness, Reading, Gaming",ISFP
U0035,Chandani Rajan,26,Female,New Delhi,Delhi,India,M.Tech Data Science,UI/UX Designer,5,Design,"Prototyping, Figma, Design Systems, Adobe XD",Lead product design teams,Creative designer passionate about user-centered experiences.,"Product Design, UX Research, Creativity","Music, Photography, Travel",ENTP
U0036,Bachittar Loyal,25,Male,Pune,Maharashtra,India,M.Tech Data Science,Full Stack Developer,1,Software Development,"Node.js, TypeScript, JavaScript, HTML",Develop high-performance software,Enjoy solving software engineering challenges and learning new technologies.,"Open Source, Cloud Computing, Software Architecture","Gaming, Photography, Travel",ESFP
U0037,Irya Aggarwal,28,Male,New Delhi,Delhi,India,M.Tech Data Science,Cybersecurity Analyst,6,Cybersecurity,"Ethical Hacking, Incident Response, Network Security, Wireshark",Improve digital security,Cybersecurity enthusiast passionate about protecting digital systems.,"Cybersecurity, Ethical Hacking, Digital Forensics","Reading, Chess, Fitness",ENTP
U0038,Ekta Gokhale,33,Female,Kolkata,West Bengal,India,M.Sc Computer Science,UI/UX Designer,9,Design,"User Research, HTML, CSS, Prototyping",Lead product design teams,Love combining creativity with technology to solve real-world problems.,"UX Research, Creativity, Accessibility","Photography, Travel, Sketching",ISTJ
U0039,Aayush Bahri,23,Male,Mumbai,Maharashtra,India,B.E Computer Engineering,Machine Learning Engineer,1,Artificial Intelligence,"SQL, PyTorch, MLOps, Feature Engineering",Work in predictive analytics,Enjoy designing ML pipelines and solving challenging business problems using data.,"Machine Learning, AI Research, Data Science","Reading, Music, Gaming",ENTJ
U0040,Rachit Chhabra,35,Female,Kochi,Kerala,India,B.Tech Information Technology,Full Stack Developer,10,Software Development,"Express.js, HTML, React, Node.js",Become a Full Stack Architect,Passionate full stack developer who enjoys building modern web applications.,"Web Development, Software Architecture, Open Source","Reading, Travel, Gaming",ESTP
U0041,Vaishnavi Datta,32,Female,Kolkata,West Bengal,India,M.Sc Computer Science,Backend Developer,6,Software Development,"Python, SQL, REST APIs, Node.js",Become a Software Architect,Backend developer passionate about building secure and scalable server-side applications.,"Distributed Systems, System Design, Cloud","Reading, Music, Chess",INFP
U0042,Dalbir Shetty,29,Male,Surat,Gujarat,India,BCA,Cybersecurity Analyst,6,Cybersecurity,"Ethical Hacking, Wireshark, Linux, Incident Response",Become a Security Architect,"I enjoy ethical hacking, vulnerability assessment and secure software practices.","Cybersecurity, Ethical Hacking, Networking","Fitness, Reading, Gaming",ISFJ
U0043,Kashish Chakrabarti,34,Female,Bhubaneswar,Odisha,India,B.Tech Information Technology,Cloud Engineer,8,Cloud Computing,"Kubernetes, Google Cloud, AWS, Docker",Build scalable cloud infrastructure,Interested in cloud-native technologies and DevOps practices.,"Infrastructure, DevOps, Cloud Computing","Photography, Reading, Cycling",ESFP
U0044,Yuvraj Gala,33,Female,Chennai,Tamil Nadu,India,B.E Computer Engineering,Cybersecurity Analyst,8,Cybersecurity,"SIEM, Python, Wireshark, Network Security",Protect enterprise systems,Focused on identifying threats and improving organizational security.,"Networking, Digital Forensics, Cybersecurity","Reading, Fitness, Chess",ISFP
U0045,Nachiket Chauhan,24,Male,Mysuru,Karnataka,India,B.E Computer Engineering,Machine Learning Engineer,2,Artificial Intelligence,"Feature Engineering, Docker, MLOps, TensorFlow",Work in predictive analytics,Enjoy designing ML pipelines and solving challenging business problems using data.,"AI Research, Machine Learning, Data Science","Gaming, Music, Cycling",INFJ
U0046,Kevin Choudhry,25,Female,Kolkata,West Bengal,India,B.Tech Computer Science,Machine Learning Engineer,2,Artificial Intelligence,"Feature Engineering, SQL, Docker, MLOps",Work in predictive analytics,Machine learning engineer passionate about predictive modeling and scalable AI solutions.,"AI Research, MLOps, Data Science","Reading, Gaming, Music",ESTP
U0047,Samuel Dar,34,Male,Nagpur,Maharashtra,India,BCA,Frontend Developer,7,Software Development,"Figma, React, HTML, CSS",Create accessible applications,Enjoy transforming ideas into interactive web and mobile applications.,"Mobile Development, Accessibility, UI Design","Photography, Music, Travel",ENTP
U0048,Karan Comar,22,Male,Bhubaneswar,Odisha,India,B.E Computer Engineering,Cybersecurity Analyst,1,Cybersecurity,"Linux, Network Security, Wireshark, SIEM",Become a Security Architect,Focused on identifying threats and improving organizational security.,"Ethical Hacking, Digital Forensics, Cybersecurity","Reading, Fitness, Gaming",ESTJ
U0049,Vyanjana Kothari,34,Male,Bhubaneswar,Odisha,India,M.Tech Artificial Intelligence,Cybersecurity Analyst,8,Cybersecurity,"Wireshark, Python, Network Security, SIEM",Protect enterprise systems,Focused on identifying threats and improving organizational security.,"Cybersecurity, Networking, Ethical Hacking","Reading, Chess, Fitness",ESTJ
U0050,Sara Anand,25,Female,New Delhi,Delhi,India,B.E Computer Engineering,AI Engineer,1,Artificial Intelligence,"OpenCV, Deep Learning, NLP, TensorFlow",Develop intelligent automation systems,Passionate about artificial intelligence and solving real-world problems through machine learning.,"Artificial Intelligence, Open Source, Computer Vision","Chess, Travel, Photography",INFJ
U0051,Victor Deshpande,28,Female,Thiruvananthapuram,Kerala,India,B.Tech Computer Science,Full Stack Developer,6,Software Development,"MongoDB, HTML, TypeScript, React",Build scalable web applications,Love creating responsive user interfaces and scalable backend systems.,"Cloud Computing, Software Architecture, Open Source","Photography, Reading, Travel",ESTP
U0052,Balendra Sangha,24,Male,Kolkata,West Bengal,India,M.Tech Artificial Intelligence,Backend Developer,2,Software Development,"REST APIs, MongoDB, Node.js, Redis",Build reliable backend systems,Love solving complex engineering problems behind the scenes.,"System Design, Databases, Distributed Systems","Chess, Reading, Coding",ISFJ
U0053,Ayaan Vyas,30,Male,New Delhi,Delhi,India,M.Tech Data Science,Full Stack Developer,7,Software Development,"React, HTML, CSS, JavaScript",Develop high-performance software,Love creating responsive user interfaces and scalable backend systems.,"Web Development, Cloud Computing, Open Source","Travel, Gaming, Photography",ESTJ
U0054,Niharika Vig,23,Female,Mumbai,Maharashtra,India,M.Tech Data Science,Cloud Engineer,1,Cloud Computing,"Kubernetes, Linux, Docker, Google Cloud",Automate cloud deployments,Cloud engineer passionate about designing scalable and secure cloud solutions.,"Infrastructure, Cloud Computing, Automation","Photography, Reading, Cycling",ESFJ
U0055,Indrajit Zachariah,33,Female,Kolkata,West Bengal,India,B.Tech Information Technology,Machine Learning Engineer,9,Artificial Intelligence,"MLOps, Docker, SQL, TensorFlow",Become an ML Lead,Enjoy designing ML pipelines and solving challenging business problems using data.,"MLOps, Machine Learning, AI Research","Music, Cycling, Gaming",ENFP
U0056,Udyati Madan,31,Female,Surat,Gujarat,India,B.Tech Information Technology,Machine Learning Engineer,7,Artificial Intelligence,"Python, Docker, TensorFlow, PyTorch",Deploy production-ready ML models,Machine learning engineer passionate about predictive modeling and scalable AI solutions.,"Data Science, MLOps, Machine Learning","Music, Gaming, Reading",ISFP
U0057,Lavanya Shukla,32,Male,Warangal,Telangana,India,M.Sc Computer Science,Product Manager,10,Product Management,"Data Analysis, Product Strategy, Agile, Communication",Lead successful product teams,I enjoy working with engineering and design teams to build innovative products.,"Product Strategy, Technology, Innovation","Reading, Public Speaking, Travel",ESFJ
U0058,Suhani Solanki,27,Male,Kochi,Kerala,India,M.Sc Computer Science,AI Engineer,3,Artificial Intelligence,"Computer Vision, NLP, OpenCV, Deep Learning",Build AI solutions for healthcare,Passionate about artificial intelligence and solving real-world problems through machine learning.,"Computer Vision, Machine Learning, Artificial Intelligence","Fitness, Chess, Reading",ENFJ
U0059,Omisha Saraf,24,Male,Pune,Maharashtra,India,B.Tech Computer Science,Product Manager,2,Product Management,"Product Strategy, Scrum, Leadership, Communication",Lead successful product teams,Product manager passionate about solving customer problems through technology.,"Technology, Product Strategy, Leadership","Public Speaking, Reading, Travel",INTJ
U0060,Qadim Kari,25,Female,Chennai,Tamil Nadu,India,B.Tech Information Technology,Data Scientist,3,Data Science,"SQL, NumPy, Tableau, Pandas",Extract insights from data,"Love working with statistics, visualization, and predictive analytics.","Visualization, Business Intelligence, Analytics","Travel, Reading, Photography",INTP
U0061,Devika Saini,34,Male,Kolkata,West Bengal,India,M.Sc Computer Science,Cybersecurity Analyst,9,Cybersecurity,"Ethical Hacking, Network Security, Linux, Penetration Testing",Prevent cyber attacks,Cybersecurity enthusiast passionate about protecting digital systems.,"Networking, Ethical Hacking, Digital Forensics","Fitness, Reading, Gaming",ESTP
U0062,Naveen Parmar,30,Male,Kolkata,West Bengal,India,M.Tech Artificial Intelligence,UI/UX Designer,9,Design,"CSS, Adobe XD, Prototyping, Wireframing",Build user-friendly digital products,I enjoy designing modern interfaces that are simple and intuitive.,"Accessibility, Creativity, UX Research","Travel, Photography, Music",ISTJ
U0063,Kai Sibal,23,Male,Ahmedabad,Gujarat,India,B.Tech Information Technology,Frontend Developer,1,Software Development,"Figma, React, Flutter, HTML",Improve user experience,Love combining creativity with technology to build engaging products.,"UI Design, Web Design, Mobile Development","Sketching, Photography, Music",ISFP
U0064,Advay Saraf,25,Female,Vijayawada,Andhra Pradesh,India,B.Tech Information Technology,AI Engineer,3,Artificial Intelligence,"Computer Vision, TensorFlow, NLP, Scikit-learn",Develop intelligent automation systems,Passionate about artificial intelligence and solving real-world problems through machine learning.,"Computer Vision, Hackathons, Artificial Intelligence","Photography, Chess, Travel",INTJ
U0065,Zaitra Narang,35,Male,Kochi,Kerala,India,M.Tech Data Science,Product Manager,8,Product Management,"Market Research, Product Strategy, Agile, Scrum",Lead successful product teams,"Driven by strategy, collaboration and data-informed decision making.","Product Strategy, Technology, Leadership","Reading, Cycling, Public Speaking",ISTP
U0066,Nandini Hayer,28,Female,New Delhi,Delhi,India,M.Tech Data Science,Cloud Engineer,5,Cloud Computing,"Azure, AWS, CI/CD, Terraform",Build scalable cloud infrastructure,Interested in cloud-native technologies and DevOps practices.,"Cloud Computing, DevOps, Automation","Cycling, Photography, Reading",ISFP
U0067,Aachal Bava,24,Female,Bhubaneswar,Odisha,India,BCA,Backend Developer,1,Software Development,"MongoDB, REST APIs, Docker, Redis",Optimize distributed systems,Love solving complex engineering problems behind the scenes.,"Cloud, Distributed Systems, System Design","Music, Reading, Chess",INTJ
U0068,Ekansh Tandon,25,Female,Mumbai,Maharashtra,India,M.Tech Data Science,Full Stack Developer,2,Software Development,"React, JavaScript, Express.js, HTML",Become a Full Stack Architect,Passionate full stack developer who enjoys building modern web applications.,"Software Architecture, Cloud Computing, Web Development","Reading, Gaming, Travel",INTP
U0069,Ladli Bhatnagar,21,Female,Ahmedabad,Gujarat,India,BCA,Cloud Engineer,1,Cloud Computing,"Linux, Google Cloud, AWS, Docker",Build scalable cloud infrastructure,I enjoy automating infrastructure and deploying highly available applications.,"DevOps, Automation, Infrastructure","Reading, Travel, Photography",ENTP
U0070,Oviya Nagy,27,Male,Vijayawada,Andhra Pradesh,India,BCA,Full Stack Developer,5,Software Development,"HTML, React, Node.js, CSS",Build scalable web applications,Enjoy solving software engineering challenges and learning new technologies.,"Web Development, Cloud Computing, Software Architecture","Reading, Travel, Gaming",ENFP
U0071,Rohan Ahuja,23,Male,Kochi,Kerala,India,B.E Computer Engineering,Machine Learning Engineer,3,Artificial Intelligence,"Scikit-learn, Docker, MLOps, PyTorch",Work in predictive analytics,Interested in creating intelligent systems that continuously learn and improve.,"AI Research, MLOps, Data Science","Reading, Cycling, Gaming",ENTJ
U0072,Yachana Gade,28,Male,Thiruvananthapuram,Kerala,India,MCA,Cybersecurity Analyst,3,Cybersecurity,"Penetration Testing, Wireshark, Incident Response, Network Security",Protect enterprise systems,"I enjoy ethical hacking, vulnerability assessment and secure software practices.","Digital Forensics, Cybersecurity, Ethical Hacking","Fitness, Gaming, Chess",ESTP
U0073,Aadhya Goel,31,Female,Pune,Maharashtra,India,B.E Computer Engineering,Product Manager,6,Product Management,"Communication, Agile, Product Strategy, Data Analysis",Lead successful product teams,Product manager passionate about solving customer problems through technology.,"Innovation, Leadership, Product Strategy","Cycling, Public Speaking, Reading",ESFJ
U0074,Dakshesh De,35,Female,Thiruvananthapuram,Kerala,India,MCA,Frontend Developer,10,Software Development,"React, Figma, Flutter, HTML",Build intuitive user interfaces,Enjoy transforming ideas into interactive web and mobile applications.,"UI Design, Web Design, Mobile Development","Music, Photography, Sketching",ESTJ
U0075,Tejas Sharaf,30,Female,Warangal,Telangana,India,BCA,Machine Learning Engineer,7,Artificial Intelligence,"Scikit-learn, TensorFlow, Feature Engineering, PyTorch",Build scalable ML pipelines,Machine learning engineer passionate about predictive modeling and scalable AI solutions.,"Machine Learning, MLOps, Data Science","Reading, Cycling, Gaming",ISFJ
U0076,Yagnesh Pillay,24,Male,New Delhi,Delhi,India,M.Tech Artificial Intelligence,Data Scientist,1,Data Science,"Pandas, Python, Scikit-learn, Tableau",Extract insights from data,Data enthusiast who enjoys solving business problems through analytics.,"Business Intelligence, Artificial Intelligence, Analytics","Cooking, Photography, Travel",INFP
U0077,Wazir Muni,33,Male,Warangal,Telangana,India,BCA,Product Manager,8,Product Management,"Roadmapping, Communication, Leadership, Product Strategy",Become a Head of Product,Product manager passionate about solving customer problems through technology.,"Innovation, Product Strategy, Leadership","Travel, Cycling, Public Speaking",ESTP
U0078,Henry Kapur,33,Male,Kolkata,West Bengal,India,M.Tech Artificial Intelligence,Backend Developer,10,Software Development,"Node.js, Docker, Redis, Python",Optimize distributed systems,"Enjoy designing APIs, databases, and cloud-based systems.","Distributed Systems, Cloud, System Design","Reading, Chess, Music",ISTJ
U0079,Jasmit Kakar,35,Female,Bhubaneswar,Odisha,India,B.Tech Information Technology,Cybersecurity Analyst,7,Cybersecurity,"SIEM, Linux, Network Security, Wireshark",Protect enterprise systems,"I enjoy ethical hacking, vulnerability assessment and secure software practices.","Digital Forensics, Cybersecurity, Networking","Chess, Gaming, Fitness",INTJ
U0080,Rayaan Bala,35,Female,Mangaluru,Karnataka,India,B.E Computer Engineering,Frontend Developer,7,Software Development,"React, HTML, CSS, JavaScript",Create accessible applications,Enjoy transforming ideas into interactive web and mobile applications.,"UI Design, Accessibility, Web Design","Music, Sketching, Travel",ISFP
U0081,Omaja Desai,33,Female,Kochi,Kerala,India,B.Tech Information Technology,Machine Learning Engineer,6,Artificial Intelligence,"PyTorch, Docker, MLOps, Feature Engineering",Work in predictive analytics,Machine learning engineer passionate about predictive modeling and scalable AI solutions.,"Machine Learning, Data Science, AI Research","Gaming, Reading, Cycling",ISFJ
U0082,Utkarsh Lad,21,Male,Vijayawada,Andhra Pradesh,India,BCA,Cloud Engineer,0,Cloud Computing,"Azure, Kubernetes, Google Cloud, AWS",Build scalable cloud infrastructure,I enjoy automating infrastructure and deploying highly available applications.,"Infrastructure, Cloud Computing, DevOps","Reading, Photography, Travel",ESFJ
U0083,Karan Varghese,26,Male,Nagpur,Maharashtra,India,MCA,Machine Learning Engineer,4,Artificial Intelligence,"Python, TensorFlow, Feature Engineering, SQL",Improve recommendation systems,Interested in creating intelligent systems that continuously learn and improve.,"AI Research, MLOps, Data Science","Gaming, Cycling, Reading",ESTP
U0084,Harsh Som,25,Male,Mumbai,Maharashtra,India,B.Tech Computer Science,AI Engineer,2,Artificial Intelligence,"Deep Learning, Scikit-learn, Computer Vision, OpenCV",Create ethical AI applications,AI enthusiast with experience in deep learning and computer vision. I enjoy collaborative projects.,"Artificial Intelligence, Machine Learning, Open Source","Photography, Reading, Fitness",ESTJ
U0085,Daniel Bhatt,22,Female,New Delhi,Delhi,India,M.Sc Computer Science,Backend Developer,1,Software Development,"REST APIs, Java, SQL, Redis",Become a Software Architect,Love solving complex engineering problems behind the scenes.,"Cloud, Distributed Systems, Databases","Chess, Coding, Music",ISFJ
U0086,Chanakya Pau,22,Female,Mysuru,Karnataka,India,M.Tech Data Science,Frontend Developer,1,Software Development,"Figma, JavaScript, Flutter, CSS",Become a UI Engineering Lead,Enjoy transforming ideas into interactive web and mobile applications.,"UI Design, Web Design, Mobile Development","Travel, Photography, Sketching",ENTJ
U0087,Vasana Mangat,26,Male,Bhubaneswar,Odisha,India,B.E Computer Engineering,Cloud Engineer,6,Cloud Computing,"AWS, Azure, CI/CD, Linux",Automate cloud deployments,I enjoy automating infrastructure and deploying highly available applications.,"Infrastructure, Automation, Cloud Computing","Photography, Reading, Cycling",ESFJ
U0088,Yauvani Biswas,28,Male,Mangaluru,Karnataka,India,MCA,Frontend Developer,6,Software Development,"Flutter, Tailwind CSS, HTML, JavaScript",Build intuitive user interfaces,Frontend developer passionate about creating beautiful and responsive user experiences.,"Mobile Development, Accessibility, Web Design","Sketching, Photography, Music",ESTP
U0089,Ekanta Mital,30,Male,Thiruvananthapuram,Kerala,India,B.Tech Information Technology,Full Stack Developer,7,Software Development,"React, Express.js, TypeScript, CSS",Build scalable web applications,Enjoy solving software engineering challenges and learning new technologies.,"Cloud Computing, Software Architecture, Open Source","Gaming, Reading, Travel",ISFJ
U0090,Lajita Deshmukh,32,Male,Warangal,Telangana,India,B.Tech Information Technology,Data Scientist,7,Data Science,"Pandas, SQL, NumPy, Python",Support business decisions,Data enthusiast who enjoys solving business problems through analytics.,"Business Intelligence, Visualization, Analytics","Photography, Cooking, Reading",ISTP
U0091,Jason Korpal,29,Male,Kolkata,West Bengal,India,B.E Computer Engineering,Cybersecurity Analyst,5,Cybersecurity,"Ethical Hacking, Wireshark, Incident Response, Penetration Testing",Become a Security Architect,Cybersecurity enthusiast passionate about protecting digital systems.,"Networking, Cybersecurity, Ethical Hacking","Chess, Fitness, Reading",ISFJ
U0092,Sneha Badal,23,Female,New Delhi,Delhi,India,M.Tech Data Science,Data Scientist,1,Data Science,"Statistics, SQL, Power BI, Scikit-learn",Support business decisions,Passionate about transforming raw data into meaningful insights.,"Business Intelligence, Artificial Intelligence, Analytics","Reading, Travel, Photography",INFP
U0093,Sanaya Mukherjee,32,Male,Vijayawada,Andhra Pradesh,India,B.Tech Computer Science,Product Manager,6,Product Management,"Agile, Market Research, Leadership, Product Strategy",Lead successful product teams,"Driven by strategy, collaboration and data-informed decision making.","Product Strategy, Leadership, Technology","Cycling, Public Speaking, Travel",ISFJ
U0094,Kala Dara,24,Female,Kolkata,West Bengal,India,B.Tech Information Technology,Cybersecurity Analyst,3,Cybersecurity,"Network Security, Ethical Hacking, Wireshark, Python",Improve digital security,"I enjoy ethical hacking, vulnerability assessment and secure software practices.","Networking, Ethical Hacking, Cybersecurity","Reading, Fitness, Gaming",ESFJ
U0095,Christopher Sandhu,23,Female,New Delhi,Delhi,India,M.Tech Artificial Intelligence,Cloud Engineer,2,Cloud Computing,"Azure, Google Cloud, Docker, CI/CD",Become a Cloud Solutions Architect,Cloud engineer passionate about designing scalable and secure cloud solutions.,"Cloud Computing, DevOps, Automation","Cycling, Travel, Reading",ESTJ
U0096,Neel Batra,32,Male,New Delhi,Delhi,India,M.Sc Computer Science,Product Manager,10,Product Management,"Communication, Roadmapping, Product Strategy, Data Analysis",Build impactful digital products,Product manager passionate about solving customer problems through technology.,"Product Strategy, Leadership, Innovation","Travel, Reading, Cycling",INTP
U0097,Thomas Char,25,Female,Surat,Gujarat,India,B.Tech Computer Science,AI Engineer,1,Artificial Intelligence,"OpenCV, TensorFlow, PyTorch, NLP",Create ethical AI applications,AI enthusiast with experience in deep learning and computer vision. I enjoy collaborative projects.,"Artificial Intelligence, Open Source, Hackathons","Fitness, Chess, Travel",ISFJ
U0098,Advay Chakraborty,27,Female,Bhubaneswar,Odisha,India,B.Tech Information Technology,Machine Learning Engineer,4,Artificial Intelligence,"Scikit-learn, PyTorch, TensorFlow, MLOps",Become an ML Lead,Enjoy designing ML pipelines and solving challenging business problems using data.,"Data Science, Machine Learning, AI Research","Cycling, Music, Reading",INFJ
U0099,Oeshi Sani,33,Male,Surat,Gujarat,India,B.E Computer Engineering,Frontend Developer,8,Software Development,"Flutter, JavaScript, CSS, TypeScript",Become a UI Engineering Lead,Love combining creativity with technology to build engaging products.,"Web Design, Accessibility, Mobile Development","Music, Photography, Sketching",ESFJ
U0100,Ishwar Maharaj,31,Female,Mysuru,Karnataka,India,B.Tech Computer Science,Frontend Developer,10,Software Development,"Tailwind CSS, HTML, Flutter, TypeScript",Improve user experience,Love combining creativity with technology to build engaging products.,"UI Design, Web Design, Mobile Development","Photography, Music, Travel",INFJ
U0101,Oni Agrawal,21,Male,Visakhapatnam,Andhra Pradesh,India,B.Tech Computer Science,Full Stack Developer,1,Software Development,"HTML, Express.js, React, CSS",Become a Full Stack Architect,Love creating responsive user interfaces and scalable backend systems.,"Software Architecture, Cloud Computing, Web Development","Travel, Reading, Gaming",ESTJ
U0102,Liam Kulkarni,29,Male,Kolkata,West Bengal,India,M.Sc Computer Science,Cybersecurity Analyst,5,Cybersecurity,"Python, SIEM, Incident Response, Linux",Improve digital security,Cybersecurity enthusiast passionate about protecting digital systems.,"Networking, Ethical Hacking, Digital Forensics","Gaming, Fitness, Reading",ENFJ
U0103,Ekantika Krish,26,Female,Surat,Gujarat,India,M.Tech Data Science,Cybersecurity Analyst,3,Cybersecurity,"Incident Response, Wireshark, Linux, Ethical Hacking",Become a Security Architect,Cybersecurity enthusiast passionate about protecting digital systems.,"Digital Forensics, Ethical Hacking, Cybersecurity","Reading, Gaming, Fitness",ESFP
U0104,Lipika Solanki,24,Female,Bhubaneswar,Odisha,India,B.E Computer Engineering,Full Stack Developer,1,Software Development,"Express.js, React, JavaScript, MongoDB",Become a Full Stack Architect,Enjoy solving software engineering challenges and learning new technologies.,"Open Source, Web Development, Cloud Computing","Photography, Travel, Reading",ENTP
U0105,Yashodhara Shan,21,Female,Bhubaneswar,Odisha,India,M.Sc Computer Science,Data Scientist,1,Data Science,"NumPy, Tableau, Pandas, Power BI",Support business decisions,Data enthusiast who enjoys solving business problems through analytics.,"Analytics, Artificial Intelligence, Business Intelligence","Photography, Cooking, Reading",INFP
U0106,Ekta Jani,34,Male,Kolkata,West Bengal,India,M.Tech Data Science,AI Engineer,6,Artificial Intelligence,"Python, PyTorch, Deep Learning, NLP",Build AI solutions for healthcare,AI enthusiast with experience in deep learning and computer vision. I enjoy collaborative projects.,"Computer Vision, Open Source, Hackathons","Fitness, Travel, Reading",ESTP
U0107,Agastya Narula,24,Male,Mysuru,Karnataka,India,M.Sc Computer Science,Backend Developer,3,Software Development,"MongoDB, REST APIs, Java, Python",Become a Software Architect,"Enjoy designing APIs, databases, and cloud-based systems.","Databases, Distributed Systems, System Design","Music, Reading, Coding",ENTJ
U0108,Ucchal Bahri,31,Male,Bengaluru,Karnataka,India,M.Sc Computer Science,Cloud Engineer,8,Cloud Computing,"Docker, AWS, Google Cloud, CI/CD",Become a Cloud Solutions Architect,I enjoy automating infrastructure and deploying highly available applications.,"Automation, DevOps, Infrastructure","Travel, Photography, Reading",ENFP
U0109,Zansi Banerjee,31,Female,Mysuru,Karnataka,India,B.E Computer Engineering,AI Engineer,9,Artificial Intelligence,"Deep Learning, NLP, Python, PyTorch",Lead AI research projects,Curious engineer interested in building intelligent systems that positively impact society.,"Machine Learning, Hackathons, Artificial Intelligence","Travel, Chess, Fitness",ESFJ
U0110,Caleb Bhakta,32,Male,Bhubaneswar,Odisha,India,M.Tech Artificial Intelligence,Cloud Engineer,10,Cloud Computing,"Azure, Kubernetes, Docker, Linux",Automate cloud deployments,Cloud engineer passionate about designing scalable and secure cloud solutions.,"Cloud Computing, Infrastructure, Automation","Photography, Travel, Cycling",ESTP
U0111,Gauri Nagi,31,Female,Nagpur,Maharashtra,India,B.Tech Information Technology,Machine Learning Engineer,10,Artificial Intelligence,"Docker, SQL, Python, PyTorch",Improve recommendation systems,Interested in creating intelligent systems that continuously learn and improve.,"AI Research, Data Science, Machine Learning","Music, Reading, Gaming",INTJ
U0112,Yamini Viswanathan,25,Male,Madurai,Tamil Nadu,India,B.Tech Information Technology,Cloud Engineer,1,Cloud Computing,"Linux, Google Cloud, Terraform, AWS",Build scalable cloud infrastructure,Cloud engineer passionate about designing scalable and secure cloud solutions.,"Infrastructure, Cloud Computing, DevOps","Cycling, Travel, Reading",ISFP
U0113,Hritik Dutt,35,Female,Kolkata,West Bengal,India,BCA,Frontend Developer,6,Software Development,"HTML, Flutter, Tailwind CSS, React",Improve user experience,Love combining creativity with technology to build engaging products.,"Accessibility, Web Design, UI Design","Photography, Sketching, Music",ISFJ
U0114,Nathan Bali,31,Female,Bhubaneswar,Odisha,India,M.Tech Artificial Intelligence,Cybersecurity Analyst,7,Cybersecurity,"SIEM, Linux, Ethical Hacking, Incident Response",Prevent cyber attacks,Focused on identifying threats and improving organizational security.,"Cybersecurity, Ethical Hacking, Networking","Chess, Fitness, Reading",ENTJ
U0115,Vritti Modi,30,Male,Coimbatore,Tamil Nadu,India,M.Tech Artificial Intelligence,Machine Learning Engineer,6,Artificial Intelligence,"SQL, PyTorch, Scikit-learn, Feature Engineering",Improve recommendation systems,Machine learning engineer passionate about predictive modeling and scalable AI solutions.,"Data Science, MLOps, AI Research","Gaming, Reading, Music",ESTJ
U0116,Dalbir Sarna,25,Female,Hyderabad,Telangana,India,M.Tech Data Science,Full Stack Developer,2,Software Development,"JavaScript, MongoDB, CSS, React",Lead development teams,Enjoy solving software engineering challenges and learning new technologies.,"Software Architecture, Web Development, Open Source","Photography, Reading, Travel",ISFP
U0117,Kiaan Deep,23,Male,Thiruvananthapuram,Kerala,India,M.Sc Computer Science,Cloud Engineer,1,Cloud Computing,"Docker, Google Cloud, Terraform, Azure",Design secure cloud platforms,Cloud engineer passionate about designing scalable and secure cloud solutions.,"Infrastructure, DevOps, Cloud Computing","Cycling, Travel, Photography",ENFJ
U0118,Kamala Mand,31,Female,Mysuru,Karnataka,India,B.Tech Information Technology,Frontend Developer,10,Software Development,"CSS, React, HTML, Tailwind CSS",Build intuitive user interfaces,Frontend developer passionate about creating beautiful and responsive user experiences.,"Mobile Development, Web Design, UI Design","Travel, Sketching, Photography",ISFJ
U0119,Faraj Khanna,24,Male,Nagpur,Maharashtra,India,M.Sc Computer Science,AI Engineer,1,Artificial Intelligence,"Computer Vision, Scikit-learn, TensorFlow, Deep Learning",Lead AI research projects,AI enthusiast with experience in deep learning and computer vision. I enjoy collaborative projects.,"Open Source, Hackathons, Computer Vision","Photography, Fitness, Chess",ESFJ
U0120,Tanmayi Pai,35,Male,Surat,Gujarat,India,M.Sc Computer Science,UI/UX Designer,8,Design,"Prototyping, Wireframing, HTML, CSS",Design intuitive user experiences,Love combining creativity with technology to solve real-world problems.,"Product Design, Creativity, UX Research","Sketching, Photography, Travel",ISFJ
U0121,Amaira Patla,24,Female,New Delhi,Delhi,India,M.Tech Artificial Intelligence,Data Scientist,2,Data Science,"Power BI, Pandas, NumPy, Scikit-learn",Become a Chief Data Scientist,Passionate about transforming raw data into meaningful insights.,"Business Intelligence, Analytics, Artificial Intelligence","Cooking, Photography, Travel",INTP
U0122,Vaishnavi Nanda,34,Female,Chennai,Tamil Nadu,India,B.E Computer Engineering,Machine Learning Engineer,7,Artificial Intelligence,"Scikit-learn, MLOps, Docker, Python",Improve recommendation systems,Interested in creating intelligent systems that continuously learn and improve.,"AI Research, Data Science, Machine Learning","Music, Reading, Gaming",INTJ
U0123,Zansi Gera,29,Male,Bhubaneswar,Odisha,India,B.Tech Computer Science,AI Engineer,5,Artificial Intelligence,"Deep Learning, Python, Scikit-learn, Computer Vision",Develop intelligent automation systems,Passionate about artificial intelligence and solving real-world problems through machine learning.,"Artificial Intelligence, Machine Learning, Hackathons","Chess, Photography, Fitness",ISTJ
U0124,Advika Gandhi,22,Female,New Delhi,Delhi,India,M.Tech Artificial Intelligence,Cloud Engineer,0,Cloud Computing,"Kubernetes, Terraform, AWS, Linux",Build scalable cloud infrastructure,I enjoy automating infrastructure and deploying highly available applications.,"Infrastructure, DevOps, Automation","Travel, Reading, Cycling",INFP
U0125,Pahal Kulkarni,28,Male,Kolkata,West Bengal,India,B.Tech Computer Science,Machine Learning Engineer,4,Artificial Intelligence,"PyTorch, SQL, MLOps, Feature Engineering",Work in predictive analytics,Enjoy designing ML pipelines and solving challenging business problems using data.,"Machine Learning, AI Research, Data Science","Cycling, Music, Gaming",INTJ
U0126,Luke Ganguly,30,Male,Warangal,Telangana,India,M.Tech Data Science,Full Stack Developer,7,Software Development,"Express.js, MongoDB, TypeScript, CSS",Develop high-performance software,Love creating responsive user interfaces and scalable backend systems.,"Open Source, Cloud Computing, Web Development","Reading, Gaming, Photography",ISFP
U0127,Agastya Chand,34,Female,Mysuru,Karnataka,India,MCA,Full Stack Developer,6,Software Development,"MongoDB, CSS, Express.js, HTML",Become a Full Stack Architect,Love creating responsive user interfaces and scalable backend systems.,"Software Architecture, Open Source, Web Development","Photography, Gaming, Travel",ENFP
U0128,Yashodhara Patil,22,Female,Kochi,Kerala,India,B.E Computer Engineering,Machine Learning Engineer,1,Artificial Intelligence,"MLOps, TensorFlow, Python, Docker",Deploy production-ready ML models,Enjoy designing ML pipelines and solving challenging business problems using data.,"AI Research, Data Science, MLOps","Cycling, Music, Reading",INFP
U0129,Kevin Bawa,28,Male,Bhubaneswar,Odisha,India,B.Tech Computer Science,Cloud Engineer,3,Cloud Computing,"Terraform, Kubernetes, AWS, Linux",Automate cloud deployments,I enjoy automating infrastructure and deploying highly available applications.,"Cloud Computing, DevOps, Automation","Cycling, Travel, Reading",INFP
U0130,Xalak Brar,23,Female,Warangal,Telangana,India,M.Tech Data Science,Cloud Engineer,2,Cloud Computing,"Google Cloud, AWS, Azure, Docker",Automate cloud deployments,I enjoy automating infrastructure and deploying highly available applications.,"Automation, DevOps, Cloud Computing","Reading, Photography, Travel",ESFP
U0131,Anusha Cheema,30,Male,Pune,Maharashtra,India,B.E Computer Engineering,Product Manager,8,Product Management,"Agile, Roadmapping, Product Strategy, Leadership",Become a Head of Product,I enjoy working with engineering and design teams to build innovative products.,"Product Strategy, Innovation, Leadership","Travel, Cycling, Public Speaking",ENFJ
U0132,Hemal Nigam,26,Female,Warangal,Telangana,India,M.Tech Data Science,Cybersecurity Analyst,6,Cybersecurity,"Wireshark, Linux, SIEM, Incident Response",Improve digital security,"I enjoy ethical hacking, vulnerability assessment and secure software practices.","Cybersecurity, Digital Forensics, Ethical Hacking","Gaming, Reading, Chess",ESTP
U0133,Hamsini Rout,28,Female,Kochi,Kerala,India,M.Sc Computer Science,Full Stack Developer,4,Software Development,"MongoDB, React, Node.js, CSS",Lead development teams,Love creating responsive user interfaces and scalable backend systems.,"Web Development, Open Source, Cloud Computing","Photography, Reading, Travel",INTP
U0134,Aryan Ray,32,Male,Bhubaneswar,Odisha,India,M.Tech Artificial Intelligence,Frontend Developer,8,Software Development,"HTML, Flutter, TypeScript, React",Create accessible applications,Enjoy transforming ideas into interactive web and mobile applications.,"Accessibility, UI Design, Web Design","Sketching, Photography, Travel",ENFP
U0135,Anya Gara,26,Male,Kolkata,West Bengal,India,MCA,Cybersecurity Analyst,3,Cybersecurity,"SIEM, Network Security, Linux, Wireshark",Protect enterprise systems,Cybersecurity enthusiast passionate about protecting digital systems.,"Networking, Ethical Hacking, Digital Forensics","Reading, Gaming, Chess",ESFP
U0136,Chanakya Menon,28,Female,Mysuru,Karnataka,India,MCA,Frontend Developer,3,Software Development,"TypeScript, React, Flutter, Figma",Build intuitive user interfaces,Enjoy transforming ideas into interactive web and mobile applications.,"UI Design, Web Design, Accessibility","Photography, Music, Sketching",INFP
U0137,Sathvik Ray,29,Male,Kolkata,West Bengal,India,BCA,Frontend Developer,4,Software Development,"HTML, Flutter, Figma, CSS",Create accessible applications,Frontend developer passionate about creating beautiful and responsive user experiences.,"Mobile Development, Accessibility, Web Design","Travel, Sketching, Music",ENFJ
U0138,Yutika Bahl,33,Male,Mangaluru,Karnataka,India,B.E Computer Engineering,Backend Developer,8,Software Development,"REST APIs, Java, SQL, Python",Become a Software Architect,Love solving complex engineering problems behind the scenes.,"System Design, Cloud, Databases","Music, Reading, Coding",ENTP
U0139,Kavya Bhargava,26,Female,Ahmedabad,Gujarat,India,B.Tech Information Technology,Frontend Developer,4,Software Development,"Flutter, React, JavaScript, HTML",Build intuitive user interfaces,Frontend developer passionate about creating beautiful and responsive user experiences.,"Web Design, Accessibility, UI Design","Travel, Photography, Sketching",ISTP
U0140,Vaishnavi Narayanan,23,Male,Ahmedabad,Gujarat,India,M.Sc Computer Science,Cloud Engineer,2,Cloud Computing,"Google Cloud, Azure, CI/CD, Docker",Build scalable cloud infrastructure,I enjoy automating infrastructure and deploying highly available applications.,"Cloud Computing, DevOps, Infrastructure","Photography, Cycling, Reading",ISFP
U0141,Umang Dasgupta,27,Male,Surat,Gujarat,India,B.Tech Information Technology,Cybersecurity Analyst,3,Cybersecurity,"Wireshark, Linux, Network Security, Incident Response",Prevent cyber attacks,Focused on identifying threats and improving organizational security.,"Digital Forensics, Cybersecurity, Networking","Fitness, Reading, Chess",ENTP
U0142,Aarnav Naik,33,Male,Bhubaneswar,Odisha,India,M.Sc Computer Science,Backend Developer,10,Software Development,"SQL, Redis, Python, Java",Become a Software Architect,Backend developer passionate about building secure and scalable server-side applications.,"System Design, Databases, Cloud","Chess, Coding, Music",ENFP
U0143,Aditya Sule,33,Female,Vijayawada,Andhra Pradesh,India,B.E Computer Engineering,Full Stack Developer,10,Software Development,"Node.js, CSS, React, HTML",Build scalable web applications,Enjoy solving software engineering challenges and learning new technologies.,"Cloud Computing, Software Architecture, Open Source","Travel, Photography, Reading",ISFJ
U0144,Jonathan Khosla,25,Male,Bhubaneswar,Odisha,India,BCA,Product Manager,1,Product Management,"Leadership, Data Analysis, Market Research, Scrum",Lead successful product teams,Product manager passionate about solving customer problems through technology.,"Innovation, Leadership, Product Strategy","Travel, Public Speaking, Cycling",ESFP
U0145,Maya Gola,30,Female,Thiruvananthapuram,Kerala,India,M.Sc Computer Science,Data Scientist,6,Data Science,"SQL, NumPy, Statistics, Pandas",Support business decisions,"Love working with statistics, visualization, and predictive analytics.","Artificial Intelligence, Visualization, Analytics","Photography, Travel, Reading",ESFJ
U0146,Vedika Garde,33,Male,Bhubaneswar,Odisha,India,BCA,Machine Learning Engineer,7,Artificial Intelligence,"Docker, TensorFlow, SQL, MLOps",Build scalable ML pipelines,Interested in creating intelligent systems that continuously learn and improve.,"Data Science, MLOps, AI Research","Reading, Music, Cycling",INTP
U0147,Indali Swaminathan,31,Male,Ahmedabad,Gujarat,India,B.E Computer Engineering,Machine Learning Engineer,9,Artificial Intelligence,"Docker, Python, PyTorch, Scikit-learn",Improve recommendation systems,Interested in creating intelligent systems that continuously learn and improve.,"MLOps, Machine Learning, Data Science","Cycling, Reading, Gaming",ISTJ
U0148,Zaitra Deep,26,Female,Hyderabad,Telangana,India,M.Tech Data Science,Machine Learning Engineer,4,Artificial Intelligence,"SQL, MLOps, Python, Docker",Deploy production-ready ML models,Machine learning engineer passionate about predictive modeling and scalable AI solutions.,"AI Research, Machine Learning, MLOps","Gaming, Reading, Music",INTJ
U0149,Nimrat Shroff,32,Female,New Delhi,Delhi,India,B.E Computer Engineering,AI Engineer,9,Artificial Intelligence,"TensorFlow, Scikit-learn, Computer Vision, Python",Build AI solutions for healthcare,Passionate about artificial intelligence and solving real-world problems through machine learning.,"Computer Vision, Hackathons, Machine Learning","Chess, Travel, Reading",INFJ
U0150,Radha Ravi,29,Male,Visakhapatnam,Andhra Pradesh,India,M.Sc Computer Science,Machine Learning Engineer,5,Artificial Intelligence,"PyTorch, MLOps, SQL, Scikit-learn",Work in predictive analytics,Interested in creating intelligent systems that continuously learn and improve.,"AI Research, Machine Learning, MLOps","Cycling, Music, Reading",ISTP
U0151,Deepa Bains,27,Male,New Delhi,Delhi,India,M.Tech Data Science,Frontend Developer,3,Software Development,"CSS, TypeScript, Figma, Flutter",Become a UI Engineering Lead,Love combining creativity with technology to build engaging products.,"UI Design, Web Design, Mobile Development","Photography, Music, Sketching",ISTP
U0152,Isaac Sura,31,Female,Chennai,Tamil Nadu,India,BCA,Backend Developer,6,Software Development,"SQL, Redis, REST APIs, MongoDB",Build reliable backend systems,Love solving complex engineering problems behind the scenes.,"Distributed Systems, Databases, Cloud","Coding, Music, Reading",ESFJ
U0153,Odika Ray,31,Male,Warangal,Telangana,India,B.Tech Computer Science,UI/UX Designer,10,Design,"Adobe XD, Figma, Wireframing, CSS",Design intuitive user experiences,Creative designer passionate about user-centered experiences.,"Accessibility, Creativity, Product Design","Music, Photography, Travel",ENTJ
U0154,Madhavi Arya,29,Female,Visakhapatnam,Andhra Pradesh,India,B.Tech Information Technology,UI/UX Designer,5,Design,"Adobe XD, User Research, CSS, Design Systems",Lead product design teams,I enjoy designing modern interfaces that are simple and intuitive.,"UX Research, Product Design, Creativity","Photography, Sketching, Travel",ENTJ
U0155,Mugdha Kapur,22,Female,Ahmedabad,Gujarat,India,B.E Computer Engineering,Cloud Engineer,0,Cloud Computing,"AWS, Terraform, Azure, CI/CD",Become a Cloud Solutions Architect,I enjoy automating infrastructure and deploying highly available applications.,"Automation, Infrastructure, DevOps","Photography, Cycling, Travel",ISTJ
U0156,Rudra Sarin,33,Female,Coimbatore,Tamil Nadu,India,M.Tech Data Science,Machine Learning Engineer,10,Artificial Intelligence,"Scikit-learn, TensorFlow, MLOps, Feature Engineering",Deploy production-ready ML models,Enjoy designing ML pipelines and solving challenging business problems using data.,"AI Research, MLOps, Data Science","Cycling, Gaming, Music",ESFJ
U0157,Falak Borah,25,Male,Mangaluru,Karnataka,India,M.Tech Artificial Intelligence,Data Scientist,3,Data Science,"Python, Scikit-learn, Tableau, SQL",Extract insights from data,"Love working with statistics, visualization, and predictive analytics.","Business Intelligence, Visualization, Analytics","Reading, Photography, Cooking",ENFP
U0158,Yagnesh Khosla,24,Female,Kolkata,West Bengal,India,B.Tech Information Technology,Frontend Developer,3,Software Development,"Flutter, React, TypeScript, Figma",Improve user experience,Frontend developer passionate about creating beautiful and responsive user experiences.,"UI Design, Mobile Development, Accessibility","Travel, Photography, Music",ESTJ
U0159,Warinder Maharaj,29,Female,Ahmedabad,Gujarat,India,M.Tech Artificial Intelligence,Machine Learning Engineer,5,Artificial Intelligence,"Feature Engineering, MLOps, Docker, Scikit-learn",Work in predictive analytics,Enjoy designing ML pipelines and solving challenging business problems using data.,"AI Research, Machine Learning, MLOps","Gaming, Cycling, Music",INTJ
U0160,Ekiya Ravi,29,Female,New Delhi,Delhi,India,B.Tech Computer Science,Full Stack Developer,6,Software Development,"MongoDB, JavaScript, React, TypeScript",Become a Full Stack Architect,Love creating responsive user interfaces and scalable backend systems.,"Software Architecture, Web Development, Cloud Computing","Reading, Gaming, Photography",ENFP
U0161,Aadi Contractor,27,Male,New Delhi,Delhi,India,B.Tech Information Technology,UI/UX Designer,4,Design,"HTML, Figma, User Research, Design Systems",Design intuitive user experiences,I enjoy designing modern interfaces that are simple and intuitive.,"Product Design, UX Research, Accessibility","Travel, Photography, Music",ESTJ
U0162,Aachal Kumer,28,Male,Kochi,Kerala,India,M.Tech Artificial Intelligence,Frontend Developer,4,Software Development,"JavaScript, Tailwind CSS, React, Figma",Create accessible applications,Enjoy transforming ideas into interactive web and mobile applications.,"Web Design, Mobile Development, UI Design","Music, Sketching, Photography",ISFJ
U0163,Sai Chada,25,Male,Bengaluru,Karnataka,India,M.Tech Data Science,Cybersecurity Analyst,3,Cybersecurity,"Network Security, Ethical Hacking, Linux, Incident Response",Protect enterprise systems,Focused on identifying threats and improving organizational security.,"Networking, Ethical Hacking, Digital Forensics","Chess, Reading, Gaming",ISTJ
U0164,Madhav Konda,21,Male,Kolkata,West Bengal,India,B.Tech Information Technology,Data Scientist,1,Data Science,"SQL, Tableau, Scikit-learn, Python",Extract insights from data,Passionate about transforming raw data into meaningful insights.,"Visualization, Analytics, Business Intelligence","Cooking, Reading, Photography",ISTJ
U0165,Samaksh Singh,21,Female,Bengaluru,Karnataka,India,B.E Computer Engineering,Machine Learning Engineer,0,Artificial Intelligence,"MLOps, Python, SQL, PyTorch",Deploy production-ready ML models,Machine learning engineer passionate about predictive modeling and scalable AI solutions.,"AI Research, MLOps, Data Science","Music, Cycling, Gaming",ISFP
U0166,Deepa Dhawan,26,Female,Mumbai,Maharashtra,India,M.Tech Data Science,Data Scientist,6,Data Science,"Pandas, Python, Statistics, Power BI",Build predictive models,Data enthusiast who enjoys solving business problems through analytics.,"Business Intelligence, Visualization, Artificial Intelligence","Cooking, Photography, Travel",ISTJ
U0167,Shivani Contractor,23,Male,Kolkata,West Bengal,India,B.Tech Computer Science,Cloud Engineer,2,Cloud Computing,"Terraform, Docker, Kubernetes, Linux",Automate cloud deployments,Interested in cloud-native technologies and DevOps practices.,"Automation, DevOps, Infrastructure","Photography, Travel, Cycling",ENFP
U0168,Rachana Shan,35,Female,Kochi,Kerala,India,MCA,AI Engineer,10,Artificial Intelligence,"Computer Vision, TensorFlow, Python, OpenCV",Develop intelligent automation systems,AI enthusiast with experience in deep learning and computer vision. I enjoy collaborative projects.,"Hackathons, Artificial Intelligence, Open Source","Fitness, Travel, Chess",INFP
U0169,Madhav Nagar,24,Female,Vijayawada,Andhra Pradesh,India,B.Tech Computer Science,Data Scientist,3,Data Science,"Power BI, Statistics, Tableau, SQL",Build predictive models,"Love working with statistics, visualization, and predictive analytics.","Business Intelligence, Analytics, Visualization","Photography, Cooking, Travel",ENFP
U0170,Noah Kata,24,Female,Madurai,Tamil Nadu,India,B.Tech Computer Science,Product Manager,2,Product Management,"Roadmapping, Data Analysis, Scrum, Product Strategy",Lead successful product teams,I enjoy working with engineering and design teams to build innovative products.,"Technology, Product Strategy, Leadership","Travel, Reading, Cycling",ENTJ
U0171,Aradhana Sama,32,Female,Kolkata,West Bengal,India,M.Tech Data Science,Frontend Developer,8,Software Development,"HTML, JavaScript, Flutter, CSS",Create accessible applications,Love combining creativity with technology to build engaging products.,"Web Design, UI Design, Mobile Development","Photography, Music, Sketching",ISTP
U0172,Azaan Pillay,32,Male,Kochi,Kerala,India,B.Tech Computer Science,Backend Developer,10,Software Development,"Docker, Redis, MongoDB, Python",Design scalable APIs,Love solving complex engineering problems behind the scenes.,"Cloud, System Design, Distributed Systems","Chess, Coding, Music",ESTJ
U0173,Oliver Mitter,24,Male,New Delhi,Delhi,India,B.Tech Information Technology,Machine Learning Engineer,3,Artificial Intelligence,"MLOps, PyTorch, Python, TensorFlow",Improve recommendation systems,Machine learning engineer passionate about predictive modeling and scalable AI solutions.,"Machine Learning, Data Science, MLOps","Cycling, Reading, Music",INTP
U0174,Fiyaz Balay,28,Female,Kolkata,West Bengal,India,M.Sc Computer Science,Cloud Engineer,6,Cloud Computing,"Terraform, Kubernetes, Docker, AWS",Design secure cloud platforms,Interested in cloud-native technologies and DevOps practices.,"DevOps, Cloud Computing, Infrastructure","Travel, Cycling, Photography",INTJ
U0175,Garima Patla,25,Female,Bengaluru,Karnataka,India,B.E Computer Engineering,Frontend Developer,2,Software Development,"HTML, Flutter, React, TypeScript",Build intuitive user interfaces,Enjoy transforming ideas into interactive web and mobile applications.,"Accessibility, Web Design, UI Design","Travel, Music, Sketching",ISFP
U0176,Charita Dugar,21,Male,Mysuru,Karnataka,India,M.Tech Artificial Intelligence,Data Scientist,1,Data Science,"Statistics, Power BI, Pandas, Tableau",Build predictive models,Passionate about transforming raw data into meaningful insights.,"Analytics, Visualization, Business Intelligence","Reading, Photography, Cooking",INTJ
U0177,Gagan Sandal,22,Male,Thiruvananthapuram,Kerala,India,B.Tech Information Technology,Cloud Engineer,0,Cloud Computing,"Docker, Azure, Terraform, Google Cloud",Build scalable cloud infrastructure,I enjoy automating infrastructure and deploying highly available applications.,"Cloud Computing, DevOps, Automation","Cycling, Photography, Reading",ENTJ
U0178,Umang Ben,27,Female,Warangal,Telangana,India,MCA,UI/UX Designer,4,Design,"CSS, Figma, Wireframing, Prototyping",Build user-friendly digital products,I enjoy designing modern interfaces that are simple and intuitive.,"Product Design, Accessibility, UX Research","Photography, Travel, Sketching",ENTJ
U0179,Qarin Tara,33,Male,Bhubaneswar,Odisha,India,B.Tech Computer Science,Frontend Developer,9,Software Development,"Figma, TypeScript, Flutter, CSS",Improve user experience,Enjoy transforming ideas into interactive web and mobile applications.,"Web Design, UI Design, Mobile Development","Sketching, Music, Travel",ENTP
U0180,Rajata Chand,23,Male,Hyderabad,Telangana,India,B.E Computer Engineering,Cybersecurity Analyst,1,Cybersecurity,"Incident Response, Network Security, Python, Wireshark",Prevent cyber attacks,Focused on identifying threats and improving organizational security.,"Networking, Digital Forensics, Ethical Hacking","Reading, Fitness, Chess",ENTJ
U0181,Vritti Sathe,29,Female,Kolkata,West Bengal,India,M.Sc Computer Science,Cloud Engineer,3,Cloud Computing,"Linux, AWS, Docker, Azure",Become a Cloud Solutions Architect,Interested in cloud-native technologies and DevOps practices.,"Cloud Computing, Infrastructure, Automation","Reading, Cycling, Photography",ISFP
U0182,Dayita Koshy,27,Male,Surat,Gujarat,India,B.E Computer Engineering,Backend Developer,5,Software Development,"Docker, Java, MongoDB, REST APIs",Optimize distributed systems,Backend developer passionate about building secure and scalable server-side applications.,"System Design, Databases, Distributed Systems","Chess, Reading, Coding",ISTJ
U0183,George Reddy,21,Female,New Delhi,Delhi,India,M.Tech Data Science,Frontend Developer,1,Software Development,"JavaScript, Figma, Tailwind CSS, Flutter",Become a UI Engineering Lead,Love combining creativity with technology to build engaging products.,"Accessibility, Mobile Development, Web Design","Travel, Music, Sketching",ENFJ
U0184,Arin Zacharia,24,Female,Kolkata,West Bengal,India,B.Tech Computer Science,Cybersecurity Analyst,3,Cybersecurity,"Linux, Network Security, SIEM, Penetration Testing",Improve digital security,Cybersecurity enthusiast passionate about protecting digital systems.,"Cybersecurity, Ethical Hacking, Digital Forensics","Gaming, Chess, Reading",INTP
U0185,Riya Singhal,21,Female,New Delhi,Delhi,India,MCA,Cybersecurity Analyst,1,Cybersecurity,"Incident Response, Python, Network Security, SIEM",Prevent cyber attacks,"I enjoy ethical hacking, vulnerability assessment and secure software practices.","Ethical Hacking, Digital Forensics, Networking","Gaming, Fitness, Reading",ESFJ
U0186,Jeevika Reddy,34,Female,Kochi,Kerala,India,B.Tech Computer Science,Data Scientist,9,Data Science,"Python, SQL, Statistics, Tableau",Build predictive models,Data enthusiast who enjoys solving business problems through analytics.,"Visualization, Business Intelligence, Analytics","Travel, Cooking, Reading",INTJ
U0187,Mahika Chaudhry,28,Male,Hyderabad,Telangana,India,M.Tech Artificial Intelligence,AI Engineer,5,Artificial Intelligence,"Deep Learning, NLP, OpenCV, PyTorch",Create ethical AI applications,AI enthusiast with experience in deep learning and computer vision. I enjoy collaborative projects.,"Computer Vision, Open Source, Machine Learning","Chess, Travel, Fitness",ISTP
U0188,Anvi Agrawal,22,Female,Madurai,Tamil Nadu,India,M.Tech Data Science,Product Manager,1,Product Management,"Scrum, Roadmapping, Agile, Product Strategy",Launch innovative technology solutions,"Driven by strategy, collaboration and data-informed decision making.","Leadership, Innovation, Product Strategy","Public Speaking, Reading, Cycling",ENFP
U0189,Jhalak Saini,33,Female,Vijayawada,Andhra Pradesh,India,B.E Computer Engineering,AI Engineer,6,Artificial Intelligence,"Scikit-learn, PyTorch, OpenCV, Computer Vision",Create ethical AI applications,AI enthusiast with experience in deep learning and computer vision. I enjoy collaborative projects.,"Artificial Intelligence, Machine Learning, Open Source","Chess, Travel, Photography",ESFJ
U0190,Gaurav Lanka,25,Female,Hyderabad,Telangana,India,B.Tech Information Technology,UI/UX Designer,2,Design,"Wireframing, Design Systems, CSS, User Research",Create accessible interfaces,Love combining creativity with technology to solve real-world problems.,"Creativity, Accessibility, UX Research","Photography, Music, Sketching",ISFJ
U0191,Frado Sur,33,Female,New Delhi,Delhi,India,M.Tech Data Science,Cloud Engineer,9,Cloud Computing,"Azure, Docker, AWS, Kubernetes",Build scalable cloud infrastructure,I enjoy automating infrastructure and deploying highly available applications.,"DevOps, Automation, Cloud Computing","Cycling, Reading, Photography",ISFP
U0192,Gaurav Vaidya,34,Male,Hyderabad,Telangana,India,MCA,AI Engineer,9,Artificial Intelligence,"Scikit-learn, TensorFlow, PyTorch, OpenCV",Build AI solutions for healthcare,AI enthusiast with experience in deep learning and computer vision. I enjoy collaborative projects.,"Computer Vision, Machine Learning, Open Source","Reading, Fitness, Chess",ISTJ
U0193,Baljiwan Borde,33,Female,Hyderabad,Telangana,India,B.Tech Information Technology,Full Stack Developer,7,Software Development,"CSS, HTML, Express.js, TypeScript",Lead development teams,Love creating responsive user interfaces and scalable backend systems.,"Software Architecture, Web Development, Cloud Computing","Travel, Reading, Photography",INTJ
U0194,Ishwar Dasgupta,33,Male,Bhubaneswar,Odisha,India,B.Tech Computer Science,Frontend Developer,7,Software Development,"CSS, Flutter, HTML, Figma",Improve user experience,Frontend developer passionate about creating beautiful and responsive user experiences.,"Accessibility, Web Design, Mobile Development","Photography, Sketching, Music",ISFJ
U0195,Advaith Sarin,28,Female,Bhubaneswar,Odisha,India,B.E Computer Engineering,Backend Developer,5,Software Development,"Redis, Node.js, Java, REST APIs",Optimize distributed systems,Backend developer passionate about building secure and scalable server-side applications.,"Databases, Distributed Systems, Cloud","Coding, Reading, Chess",INFP
U0196,Vedhika Malhotra,26,Female,Coimbatore,Tamil Nadu,India,B.Tech Computer Science,Machine Learning Engineer,3,Artificial Intelligence,"Scikit-learn, MLOps, Python, SQL",Deploy production-ready ML models,Enjoy designing ML pipelines and solving challenging business problems using data.,"AI Research, Data Science, Machine Learning","Reading, Gaming, Cycling",ENFJ
U0197,Pahal Bali,25,Female,Kolkata,West Bengal,India,B.E Computer Engineering,AI Engineer,2,Artificial Intelligence,"TensorFlow, Deep Learning, NLP, OpenCV",Build AI solutions for healthcare,AI enthusiast with experience in deep learning and computer vision. I enjoy collaborative projects.,"Artificial Intelligence, Hackathons, Machine Learning","Chess, Fitness, Travel",ENFJ
U0198,Aarini Ben,32,Male,Kolkata,West Bengal,India,B.Tech Computer Science,Frontend Developer,10,Software Development,"Tailwind CSS, JavaScript, Flutter, CSS",Become a UI Engineering Lead,Frontend developer passionate about creating beautiful and responsive user experiences.,"UI Design, Accessibility, Web Design","Sketching, Music, Photography",INFJ
U0199,Jeet Nazareth,33,Male,Bhubaneswar,Odisha,India,M.Tech Data Science,Machine Learning Engineer,7,Artificial Intelligence,"Docker, TensorFlow, SQL, PyTorch",Deploy production-ready ML models,Machine learning engineer passionate about predictive modeling and scalable AI solutions.,"Data Science, Machine Learning, AI Research","Reading, Music, Gaming",ISFP
U0200,Jagdish Mishra,22,Male,Chennai,Tamil Nadu,India,B.E Computer Engineering,Machine Learning Engineer,1,Artificial Intelligence,"MLOps, PyTorch, Feature Engineering, TensorFlow",Deploy production-ready ML models,Enjoy designing ML pipelines and solving challenging business problems using data.,"MLOps, Machine Learning, AI Research","Music, Gaming, Reading",ISTJ
U0201,Lakshit Dubey,32,Male,Surat,Gujarat,India,B.Tech Information Technology,Cloud Engineer,7,Cloud Computing,"AWS, Linux, Azure, CI/CD",Design secure cloud platforms,Interested in cloud-native technologies and DevOps practices.,"Infrastructure, Automation, DevOps","Photography, Reading, Cycling",ESFJ
U0202,Ethan Koshy,21,Female,Warangal,Telangana,India,B.Tech Information Technology,Product Manager,1,Product Management,"Communication, Agile, Data Analysis, Product Strategy",Launch innovative technology solutions,Product manager passionate about solving customer problems through technology.,"Innovation, Leadership, Product Strategy","Reading, Travel, Cycling",ESFP
U0203,Yagnesh Mani,31,Male,Kolkata,West Bengal,India,B.Tech Computer Science,Frontend Developer,7,Software Development,"Tailwind CSS, Figma, CSS, JavaScript",Build intuitive user interfaces,Enjoy transforming ideas into interactive web and mobile applications.,"Web Design, UI Design, Mobile Development","Music, Sketching, Travel",ISTP
U0204,Mitesh Jain,34,Female,Mumbai,Maharashtra,India,M.Sc Computer Science,Cloud Engineer,10,Cloud Computing,"CI/CD, AWS, Docker, Terraform",Automate cloud deployments,Cloud engineer passionate about designing scalable and secure cloud solutions.,"Infrastructure, Automation, Cloud Computing","Travel, Photography, Reading",INTP
U0205,Sanaya Viswanathan,29,Female,Chennai,Tamil Nadu,India,M.Tech Artificial Intelligence,UI/UX Designer,6,Design,"Design Systems, Wireframing, Figma, Adobe XD",Build user-friendly digital products,I enjoy designing modern interfaces that are simple and intuitive.,"Accessibility, Creativity, Product Design","Music, Sketching, Travel",ENFP
U0206,Udyati Jha,26,Female,New Delhi,Delhi,India,B.Tech Information Technology,AI Engineer,3,Artificial Intelligence,"PyTorch, Computer Vision, TensorFlow, OpenCV",Build AI solutions for healthcare,AI enthusiast with experience in deep learning and computer vision. I enjoy collaborative projects.,"Hackathons, Machine Learning, Artificial Intelligence","Reading, Travel, Fitness",ESTP
U0207,Saksham Kothari,32,Female,New Delhi,Delhi,India,B.Tech Computer Science,Full Stack Developer,10,Software Development,"React, CSS, Express.js, HTML",Become a Full Stack Architect,Love creating responsive user interfaces and scalable backend systems.,"Web Development, Cloud Computing, Software Architecture","Photography, Reading, Travel",INFP
U0208,Jeevika Char,23,Female,Hyderabad,Telangana,India,MCA,Product Manager,3,Product Management,"Data Analysis, Roadmapping, Leadership, Scrum",Launch innovative technology solutions,I enjoy working with engineering and design teams to build innovative products.,"Leadership, Innovation, Product Strategy","Travel, Reading, Cycling",ISFJ
U0209,Azaan Dass,34,Male,New Delhi,Delhi,India,M.Tech Artificial Intelligence,UI/UX Designer,10,Design,"User Research, Design Systems, Wireframing, Adobe XD",Create accessible interfaces,Love combining creativity with technology to solve real-world problems.,"Creativity, Accessibility, UX Research","Travel, Music, Photography",ISFP
U0210,Krish Sant,25,Male,Kolkata,West Bengal,India,B.Tech Computer Science,UI/UX Designer,2,Design,"Wireframing, Figma, Design Systems, HTML",Create accessible interfaces,I enjoy designing modern interfaces that are simple and intuitive.,"Product Design, Accessibility, Creativity","Photography, Sketching, Music",ENFJ
U0211,Vasudha Rastogi,21,Male,New Delhi,Delhi,India,M.Tech Artificial Intelligence,UI/UX Designer,1,Design,"Prototyping, User Research, Design Systems, Wireframing",Design intuitive user experiences,I enjoy designing modern interfaces that are simple and intuitive.,"Accessibility, Product Design, Creativity","Sketching, Music, Photography",ENFJ
U0212,Yoshita Muni,34,Female,Ahmedabad,Gujarat,India,M.Tech Artificial Intelligence,Product Manager,7,Product Management,"Leadership, Roadmapping, Scrum, Agile",Lead successful product teams,Product manager passionate about solving customer problems through technology.,"Technology, Innovation, Product Strategy","Cycling, Travel, Public Speaking",INFJ
U0213,David Parekh,30,Female,Kochi,Kerala,India,M.Sc Computer Science,Data Scientist,7,Data Science,"Python, SQL, Pandas, Statistics",Extract insights from data,Data enthusiast who enjoys solving business problems through analytics.,"Business Intelligence, Visualization, Artificial Intelligence","Photography, Travel, Reading",ENFP
U0214,Shravya Borde,29,Male,Mangaluru,Karnataka,India,BCA,Data Scientist,6,Data Science,"SQL, Pandas, Scikit-learn, Power BI",Support business decisions,"Love working with statistics, visualization, and predictive analytics.","Business Intelligence, Visualization, Analytics","Cooking, Travel, Photography",ENTP
U0215,Shaurya Dave,28,Male,Nagpur,Maharashtra,India,B.Tech Computer Science,Frontend Developer,5,Software Development,"Figma, Tailwind CSS, React, CSS",Become a UI Engineering Lead,Love combining creativity with technology to build engaging products.,"Web Design, UI Design, Mobile Development","Travel, Photography, Sketching",ISFJ
U0216,Ira Tata,26,Male,Bhubaneswar,Odisha,India,B.E Computer Engineering,Full Stack Developer,3,Software Development,"React, TypeScript, HTML, CSS",Lead development teams,Passionate full stack developer who enjoys building modern web applications.,"Open Source, Cloud Computing, Software Architecture","Gaming, Reading, Photography",INTJ
U0217,Darika Wason,32,Male,New Delhi,Delhi,India,B.Tech Information Technology,Cybersecurity Analyst,6,Cybersecurity,"Linux, Incident Response, SIEM, Penetration Testing",Protect enterprise systems,Focused on identifying threats and improving organizational security.,"Networking, Ethical Hacking, Digital Forensics","Fitness, Gaming, Reading",ISFP
U0218,Gaurangi Ratti,21,Male,Kolkata,West Bengal,India,B.Tech Information Technology,Frontend Developer,0,Software Development,"JavaScript, HTML, TypeScript, React",Become a UI Engineering Lead,Love combining creativity with technology to build engaging products.,"Web Design, Accessibility, UI Design","Music, Photography, Travel",ISTP
U0219,Azad Sur,28,Male,Hyderabad,Telangana,India,BCA,AI Engineer,5,Artificial Intelligence,"PyTorch, Scikit-learn, NLP, OpenCV",Build AI solutions for healthcare,Curious engineer interested in building intelligent systems that positively impact society.,"Hackathons, Machine Learning, Artificial Intelligence","Reading, Fitness, Photography",ISTP
U0220,Widisha Misra,29,Male,Mysuru,Karnataka,India,MCA,UI/UX Designer,4,Design,"HTML, Design Systems, User Research, Adobe XD",Create accessible interfaces,Creative designer passionate about user-centered experiences.,"Product Design, Creativity, Accessibility","Photography, Sketching, Travel",INTP
U0221,Guneet Nadig,28,Female,Bhubaneswar,Odisha,India,B.Tech Information Technology,UI/UX Designer,5,Design,"Adobe XD, CSS, Design Systems, User Research",Build user-friendly digital products,I enjoy designing modern interfaces that are simple and intuitive.,"Creativity, UX Research, Accessibility","Sketching, Photography, Music",ENFJ
U0222,Amara Dewan,28,Female,Surat,Gujarat,India,B.E Computer Engineering,Frontend Developer,5,Software Development,"Flutter, CSS, JavaScript, React",Become a UI Engineering Lead,Frontend developer passionate about creating beautiful and responsive user experiences.,"Mobile Development, Web Design, Accessibility","Music, Photography, Sketching",ESTJ
U0223,Udarsh Ramesh,28,Female,Surat,Gujarat,India,M.Sc Computer Science,Cybersecurity Analyst,3,Cybersecurity,"Linux, Python, Penetration Testing, Network Security",Become a Security Architect,Cybersecurity enthusiast passionate about protecting digital systems.,"Networking, Ethical Hacking, Cybersecurity","Chess, Fitness, Reading",ISTP
U0224,Megha Andra,24,Female,Madurai,Tamil Nadu,India,M.Sc Computer Science,Product Manager,3,Product Management,"Product Strategy, Communication, Roadmapping, Scrum",Launch innovative technology solutions,Product manager passionate about solving customer problems through technology.,"Product Strategy, Leadership, Technology","Cycling, Travel, Reading",ENFP
U0225,Saksham Chandra,31,Female,Hyderabad,Telangana,India,B.E Computer Engineering,Product Manager,7,Product Management,"Product Strategy, Market Research, Data Analysis, Roadmapping",Launch innovative technology solutions,Product manager passionate about solving customer problems through technology.,"Innovation, Product Strategy, Technology","Reading, Travel, Public Speaking",ENFP
U0226,Pratyush Menon,31,Female,Nagpur,Maharashtra,India,BCA,AI Engineer,9,Artificial Intelligence,"Scikit-learn, Python, OpenCV, PyTorch",Build AI solutions for healthcare,Curious engineer interested in building intelligent systems that positively impact society.,"Hackathons, Computer Vision, Open Source","Photography, Chess, Travel",ISTP
U0227,Forum Cheema,30,Female,Mangaluru,Karnataka,India,BCA,Frontend Developer,7,Software Development,"Figma, HTML, Tailwind CSS, CSS",Create accessible applications,Love combining creativity with technology to build engaging products.,"UI Design, Web Design, Accessibility","Travel, Sketching, Music",ENTJ
U0228,Aryan Peri,31,Male,Kochi,Kerala,India,B.E Computer Engineering,UI/UX Designer,7,Design,"Design Systems, User Research, CSS, Figma",Create accessible interfaces,I enjoy designing modern interfaces that are simple and intuitive.,"Creativity, Accessibility, UX Research","Music, Travel, Photography",ESFP
U0229,Nitara Modi,30,Male,Warangal,Telangana,India,M.Tech Artificial Intelligence,Full Stack Developer,6,Software Development,"Node.js, MongoDB, CSS, React",Become a Full Stack Architect,Enjoy solving software engineering challenges and learning new technologies.,"Web Development, Cloud Computing, Software Architecture","Gaming, Photography, Travel",INFP
U0230,Maya Chokshi,27,Female,Visakhapatnam,Andhra Pradesh,India,B.Tech Information Technology,UI/UX Designer,4,Design,"CSS, User Research, Prototyping, Design Systems",Create accessible interfaces,Creative designer passionate about user-centered experiences.,"Accessibility, Creativity, UX Research","Photography, Travel, Music",INFP
U0231,Charan Devan,35,Male,Ahmedabad,Gujarat,India,BCA,Frontend Developer,9,Software Development,"HTML, React, Figma, JavaScript",Create accessible applications,Frontend developer passionate about creating beautiful and responsive user experiences.,"UI Design, Accessibility, Mobile Development","Sketching, Music, Travel",ENTJ
U0232,Girindra Kurian,31,Female,Hyderabad,Telangana,India,BCA,Cybersecurity Analyst,8,Cybersecurity,"Network Security, Python, Penetration Testing, Wireshark",Prevent cyber attacks,"I enjoy ethical hacking, vulnerability assessment and secure software practices.","Ethical Hacking, Networking, Cybersecurity","Fitness, Chess, Gaming",ESFP
U0233,Dayita Madan,35,Female,Mysuru,Karnataka,India,M.Tech Data Science,Full Stack Developer,7,Software Development,"JavaScript, HTML, CSS, TypeScript",Build scalable web applications,Enjoy solving software engineering challenges and learning new technologies.,"Web Development, Open Source, Software Architecture","Reading, Travel, Photography",ENTP
U0234,Dalaja Rege,27,Female,Vijayawada,Andhra Pradesh,India,BCA,Data Scientist,5,Data Science,"Statistics, Power BI, NumPy, SQL",Become a Chief Data Scientist,Data enthusiast who enjoys solving business problems through analytics.,"Artificial Intelligence, Analytics, Visualization","Cooking, Reading, Travel",ESFJ
U0235,Noah Mander,32,Male,Hyderabad,Telangana,India,M.Sc Computer Science,Cloud Engineer,7,Cloud Computing,"Azure, CI/CD, Kubernetes, Docker",Automate cloud deployments,Interested in cloud-native technologies and DevOps practices.,"Cloud Computing, Infrastructure, DevOps","Travel, Cycling, Reading",ESFP
U0236,Chaman Borde,27,Female,Bengaluru,Karnataka,India,M.Tech Artificial Intelligence,Product Manager,5,Product Management,"Scrum, Leadership, Agile, Roadmapping",Become a Head of Product,"Driven by strategy, collaboration and data-informed decision making.","Leadership, Product Strategy, Technology","Travel, Public Speaking, Cycling",ESTP
U0237,Eesha Tak,24,Male,Bhubaneswar,Odisha,India,B.Tech Computer Science,AI Engineer,3,Artificial Intelligence,"Computer Vision, Deep Learning, TensorFlow, Python",Lead AI research projects,Passionate about artificial intelligence and solving real-world problems through machine learning.,"Artificial Intelligence, Machine Learning, Hackathons","Photography, Travel, Chess",ISTP
U0238,Unni Balay,30,Male,Nagpur,Maharashtra,India,B.Tech Information Technology,Cloud Engineer,6,Cloud Computing,"Kubernetes, Terraform, CI/CD, Linux",Automate cloud deployments,I enjoy automating infrastructure and deploying highly available applications.,"Automation, Cloud Computing, Infrastructure","Cycling, Photography, Travel",ISTJ
U0239,Hredhaan Peri,27,Male,Bhubaneswar,Odisha,India,M.Tech Data Science,Data Scientist,5,Data Science,"SQL, Tableau, Statistics, Pandas",Support business decisions,Data enthusiast who enjoys solving business problems through analytics.,"Artificial Intelligence, Visualization, Business Intelligence","Reading, Cooking, Travel",ESTP
U0240,Kamala Nori,34,Male,Coimbatore,Tamil Nadu,India,M.Tech Data Science,Product Manager,6,Product Management,"Data Analysis, Market Research, Scrum, Communication",Launch innovative technology solutions,I enjoy working with engineering and design teams to build innovative products.,"Leadership, Product Strategy, Technology","Public Speaking, Reading, Travel",ENTJ
U0241,Aarav Basak,31,Male,New Delhi,Delhi,India,M.Sc Computer Science,Cloud Engineer,8,Cloud Computing,"Terraform, Azure, Kubernetes, Google Cloud",Become a Cloud Solutions Architect,Interested in cloud-native technologies and DevOps practices.,"DevOps, Infrastructure, Cloud Computing","Photography, Reading, Travel",ISTJ
U0242,Vidhi Wali,24,Female,Mumbai,Maharashtra,India,B.E Computer Engineering,Full Stack Developer,1,Software Development,"React, JavaScript, HTML, Express.js",Build scalable web applications,Enjoy solving software engineering challenges and learning new technologies.,"Web Development, Open Source, Cloud Computing","Reading, Travel, Photography",ESFP
U0243,Peter Dubey,33,Female,Bhubaneswar,Odisha,India,M.Tech Artificial Intelligence,Data Scientist,10,Data Science,"Pandas, Python, Statistics, NumPy",Become a Chief Data Scientist,Data enthusiast who enjoys solving business problems through analytics.,"Analytics, Business Intelligence, Visualization","Cooking, Travel, Photography",ESTP
U0244,Garima Wali,32,Female,Bhubaneswar,Odisha,India,B.Tech Computer Science,Machine Learning Engineer,6,Artificial Intelligence,"PyTorch, Docker, Feature Engineering, Python",Build scalable ML pipelines,Enjoy designing ML pipelines and solving challenging business problems using data.,"MLOps, Machine Learning, Data Science","Gaming, Music, Reading",ESTJ
U0245,Balendra Karnik,23,Male,Surat,Gujarat,India,BCA,Frontend Developer,3,Software Development,"Flutter, HTML, CSS, Figma",Create accessible applications,Frontend developer passionate about creating beautiful and responsive user experiences.,"Mobile Development, Web Design, UI Design","Sketching, Music, Photography",ENFP
U0246,Yauvani Parekh,27,Male,Kolkata,West Bengal,India,B.E Computer Engineering,UI/UX Designer,6,Design,"Figma, Adobe XD, Prototyping, Design Systems",Create accessible interfaces,Love combining creativity with technology to solve real-world problems.,"Creativity, Product Design, Accessibility","Travel, Music, Sketching",ISTP
U0247,Laban Raju,32,Male,Hyderabad,Telangana,India,M.Tech Data Science,Machine Learning Engineer,9,Artificial Intelligence,"Scikit-learn, PyTorch, MLOps, TensorFlow",Build scalable ML pipelines,Enjoy designing ML pipelines and solving challenging business problems using data.,"MLOps, AI Research, Data Science","Reading, Cycling, Gaming",ENTP
U0248,Ria Wali,34,Male,Visakhapatnam,Andhra Pradesh,India,M.Tech Data Science,Frontend Developer,8,Software Development,"Flutter, Tailwind CSS, TypeScript, CSS",Create accessible applications,Frontend developer passionate about creating beautiful and responsive user experiences.,"Accessibility, Web Design, Mobile Development","Travel, Music, Sketching",INFP
U0249,Inaya Arya,27,Male,Vijayawada,Andhra Pradesh,India,B.Tech Information Technology,Frontend Developer,4,Software Development,"Flutter, JavaScript, HTML, Tailwind CSS",Become a UI Engineering Lead,Love combining creativity with technology to build engaging products.,"Web Design, Accessibility, Mobile Development","Music, Photography, Travel",ESTP
U0250,Chasmum Lala,23,Male,Hyderabad,Telangana,India,M.Tech Artificial Intelligence,Cloud Engineer,3,Cloud Computing,"Kubernetes, Terraform, Linux, AWS",Become a Cloud Solutions Architect,Cloud engineer passionate about designing scalable and secure cloud solutions.,"Infrastructure, Cloud Computing, Automation","Travel, Photography, Cycling",INTJ
U0251,Wakeeta Narasimhan,29,Female,Bengaluru,Karnataka,India,B.E Computer Engineering,Cloud Engineer,3,Cloud Computing,"Linux, Google Cloud, Azure, Terraform",Automate cloud deployments,I enjoy automating infrastructure and deploying highly available applications.,"DevOps, Cloud Computing, Automation","Travel, Cycling, Photography",ESTJ
U0252,Dhriti Sathe,28,Female,Bhubaneswar,Odisha,India,B.E Computer Engineering,Cybersecurity Analyst,4,Cybersecurity,"SIEM, Python, Incident Response, Penetration Testing",Improve digital security,Focused on identifying threats and improving organizational security.,"Digital Forensics, Networking, Ethical Hacking","Gaming, Chess, Fitness",ISFJ
U0253,Samesh Madan,27,Female,Kochi,Kerala,India,B.Tech Computer Science,Frontend Developer,3,Software Development,"HTML, Tailwind CSS, Figma, CSS",Build intuitive user interfaces,Love combining creativity with technology to build engaging products.,"Accessibility, Mobile Development, Web Design","Sketching, Photography, Music",ENFP
U0254,Wyatt Vaidya,29,Female,New Delhi,Delhi,India,BCA,AI Engineer,6,Artificial Intelligence,"Computer Vision, TensorFlow, NLP, Scikit-learn",Create ethical AI applications,Passionate about artificial intelligence and solving real-world problems through machine learning.,"Computer Vision, Artificial Intelligence, Machine Learning","Chess, Photography, Fitness",ISTJ
U0255,Yachana Gaba,24,Male,Bengaluru,Karnataka,India,M.Tech Data Science,Cloud Engineer,1,Cloud Computing,"CI/CD, Kubernetes, Docker, Google Cloud",Design secure cloud platforms,Cloud engineer passionate about designing scalable and secure cloud solutions.,"Automation, Cloud Computing, Infrastructure","Travel, Reading, Cycling",INFP
U0256,Laksh Pillai,25,Female,Kochi,Kerala,India,B.Tech Computer Science,Machine Learning Engineer,1,Artificial Intelligence,"Scikit-learn, Docker, Python, PyTorch",Improve recommendation systems,Enjoy designing ML pipelines and solving challenging business problems using data.,"AI Research, Data Science, MLOps","Reading, Gaming, Cycling",ESTJ
U0257,Ekanta Tella,34,Female,Hyderabad,Telangana,India,BCA,Machine Learning Engineer,6,Artificial Intelligence,"Docker, Scikit-learn, SQL, TensorFlow",Work in predictive analytics,Machine learning engineer passionate about predictive modeling and scalable AI solutions.,"Machine Learning, MLOps, AI Research","Music, Gaming, Cycling",INTP
U0258,Ekta Bahri,28,Male,Mangaluru,Karnataka,India,M.Sc Computer Science,Full Stack Developer,6,Software Development,"MongoDB, Node.js, React, JavaScript",Build scalable web applications,Love creating responsive user interfaces and scalable backend systems.,"Software Architecture, Cloud Computing, Open Source","Travel, Photography, Gaming",ENFJ
U0259,Jairaj Doshi,24,Male,Kolkata,West Bengal,India,B.E Computer Engineering,Machine Learning Engineer,2,Artificial Intelligence,"Scikit-learn, PyTorch, Docker, Python",Deploy production-ready ML models,Interested in creating intelligent systems that continuously learn and improve.,"AI Research, MLOps, Machine Learning","Reading, Cycling, Music",INFP
U0260,Zaid Patla,22,Male,Vijayawada,Andhra Pradesh,India,B.Tech Computer Science,Cybersecurity Analyst,1,Cybersecurity,"Linux, Python, Penetration Testing, Network Security",Prevent cyber attacks,"I enjoy ethical hacking, vulnerability assessment and secure software practices.","Networking, Ethical Hacking, Digital Forensics","Fitness, Reading, Chess",INTJ
U0261,Sai Sule,26,Male,Warangal,Telangana,India,M.Sc Computer Science,Cloud Engineer,6,Cloud Computing,"Kubernetes, CI/CD, Terraform, Docker",Become a Cloud Solutions Architect,Interested in cloud-native technologies and DevOps practices.,"DevOps, Automation, Infrastructure","Reading, Cycling, Photography",ISTJ
U0262,Rohan Hayre,35,Male,Bhubaneswar,Odisha,India,B.E Computer Engineering,Product Manager,9,Product Management,"Leadership, Data Analysis, Product Strategy, Communication",Launch innovative technology solutions,I enjoy working with engineering and design teams to build innovative products.,"Technology, Leadership, Innovation","Travel, Reading, Cycling",ENFP
U0263,Ishita Sinha,32,Female,Mangaluru,Karnataka,India,M.Tech Artificial Intelligence,Frontend Developer,10,Software Development,"Tailwind CSS, Figma, TypeScript, JavaScript",Become a UI Engineering Lead,Enjoy transforming ideas into interactive web and mobile applications.,"Accessibility, Web Design, Mobile Development","Sketching, Travel, Music",INTP
U0264,Daksh Dugar,23,Male,Chennai,Tamil Nadu,India,M.Sc Computer Science,Data Scientist,1,Data Science,"SQL, Python, Statistics, NumPy",Become a Chief Data Scientist,Data enthusiast who enjoys solving business problems through analytics.,"Business Intelligence, Analytics, Visualization","Reading, Travel, Photography",INTJ
U0265,Janani Oza,31,Female,Ahmedabad,Gujarat,India,B.Tech Computer Science,Full Stack Developer,8,Software Development,"CSS, TypeScript, Node.js, JavaScript",Develop high-performance software,Enjoy solving software engineering challenges and learning new technologies.,"Web Development, Cloud Computing, Software Architecture","Reading, Gaming, Photography",ENTP
U0266,Divya Chand,32,Female,Nagpur,Maharashtra,India,M.Tech Artificial Intelligence,Machine Learning Engineer,7,Artificial Intelligence,"PyTorch, Feature Engineering, MLOps, Scikit-learn",Become an ML Lead,Interested in creating intelligent systems that continuously learn and improve.,"AI Research, MLOps, Machine Learning","Reading, Music, Gaming",ISFP
U0267,Alexander Mody,23,Female,Warangal,Telangana,India,B.E Computer Engineering,Machine Learning Engineer,3,Artificial Intelligence,"Docker, TensorFlow, SQL, Feature Engineering",Build scalable ML pipelines,Enjoy designing ML pipelines and solving challenging business problems using data.,"AI Research, MLOps, Data Science","Reading, Music, Cycling",ENFJ
U0268,Priya Edwin,33,Female,Bhubaneswar,Odisha,India,M.Sc Computer Science,Cloud Engineer,9,Cloud Computing,"Linux, AWS, Terraform, CI/CD",Automate cloud deployments,Interested in cloud-native technologies and DevOps practices.,"Cloud Computing, Automation, Infrastructure","Reading, Travel, Photography",ENFP
U0269,Maanas Peri,34,Female,New Delhi,Delhi,India,B.E Computer Engineering,Full Stack Developer,6,Software Development,"JavaScript, Express.js, Node.js, React",Become a Full Stack Architect,Love creating responsive user interfaces and scalable backend systems.,"Cloud Computing, Software Architecture, Web Development","Travel, Photography, Reading",ENTJ
U0270,Panini Guha,27,Male,Visakhapatnam,Andhra Pradesh,India,MCA,Product Manager,6,Product Management,"Product Strategy, Roadmapping, Market Research, Leadership",Build impactful digital products,"Driven by strategy, collaboration and data-informed decision making.","Leadership, Technology, Innovation","Reading, Cycling, Travel",ESFJ
U0271,Yatan Narayanan,27,Male,Bengaluru,Karnataka,India,BCA,Cloud Engineer,3,Cloud Computing,"Kubernetes, CI/CD, AWS, Google Cloud",Become a Cloud Solutions Architect,I enjoy automating infrastructure and deploying highly available applications.,"DevOps, Cloud Computing, Automation","Cycling, Photography, Travel",ENFP
U0272,Fiyaz Wason,25,Male,Kolkata,West Bengal,India,MCA,Cloud Engineer,1,Cloud Computing,"CI/CD, Kubernetes, Terraform, AWS",Design secure cloud platforms,I enjoy automating infrastructure and deploying highly available applications.,"Cloud Computing, DevOps, Automation","Photography, Travel, Cycling",ENFJ
U0273,Nikita Raja,27,Male,Visakhapatnam,Andhra Pradesh,India,M.Tech Artificial Intelligence,Cybersecurity Analyst,3,Cybersecurity,"Penetration Testing, Incident Response, Wireshark, Linux",Protect enterprise systems,Cybersecurity enthusiast passionate about protecting digital systems.,"Ethical Hacking, Networking, Digital Forensics","Reading, Chess, Gaming",ESFJ
U0274,Aradhana Sabharwal,31,Male,Coimbatore,Tamil Nadu,India,MCA,Product Manager,10,Product Management,"Communication, Leadership, Scrum, Roadmapping",Build impactful digital products,Product manager passionate about solving customer problems through technology.,"Innovation, Leadership, Product Strategy","Travel, Public Speaking, Reading",ENTP
U0275,Aahana Swamy,24,Female,Visakhapatnam,Andhra Pradesh,India,B.Tech Computer Science,AI Engineer,2,Artificial Intelligence,"TensorFlow, PyTorch, Computer Vision, NLP",Build AI solutions for healthcare,AI enthusiast with experience in deep learning and computer vision. I enjoy collaborative projects.,"Machine Learning, Hackathons, Artificial Intelligence","Fitness, Photography, Travel",ESFP
U0276,Jatin Sekhon,32,Female,Hyderabad,Telangana,India,B.Tech Computer Science,Product Manager,8,Product Management,"Product Strategy, Agile, Communication, Scrum",Launch innovative technology solutions,Product manager passionate about solving customer problems through technology.,"Product Strategy, Leadership, Technology","Reading, Travel, Public Speaking",ESFJ
U0277,Fitan Wali,21,Male,Thiruvananthapuram,Kerala,India,BCA,Machine Learning Engineer,0,Artificial Intelligence,"MLOps, PyTorch, Feature Engineering, Docker",Deploy production-ready ML models,Machine learning engineer passionate about predictive modeling and scalable AI solutions.,"Data Science, MLOps, AI Research","Cycling, Music, Reading",ISFJ
U0278,Logan Ratti,28,Male,Kolkata,West Bengal,India,MCA,Frontend Developer,5,Software Development,"Flutter, Tailwind CSS, HTML, JavaScript",Become a UI Engineering Lead,Frontend developer passionate about creating beautiful and responsive user experiences.,"Web Design, Mobile Development, UI Design","Music, Sketching, Travel",ESTJ
U0279,Gautam Sarin,31,Female,Hyderabad,Telangana,India,M.Tech Artificial Intelligence,Cloud Engineer,9,Cloud Computing,"Docker, Kubernetes, Azure, CI/CD",Automate cloud deployments,Interested in cloud-native technologies and DevOps practices.,"Automation, DevOps, Cloud Computing","Photography, Reading, Travel",ENFJ
U0280,Siya Chacko,25,Female,Bhubaneswar,Odisha,India,B.E Computer Engineering,Data Scientist,3,Data Science,"Pandas, Scikit-learn, Python, Statistics",Extract insights from data,Passionate about transforming raw data into meaningful insights.,"Business Intelligence, Analytics, Artificial Intelligence","Travel, Reading, Cooking",ISFJ
U0281,Sai Grewal,32,Male,Kochi,Kerala,India,B.Tech Information Technology,Cybersecurity Analyst,7,Cybersecurity,"Linux, Network Security, Penetration Testing, Python",Become a Security Architect,Focused on identifying threats and improving organizational security.,"Networking, Digital Forensics, Cybersecurity","Gaming, Reading, Chess",ESFJ
U0282,Avi Shan,32,Female,Ahmedabad,Gujarat,India,MCA,Machine Learning Engineer,7,Artificial Intelligence,"SQL, PyTorch, Docker, Scikit-learn",Improve recommendation systems,Machine learning engineer passionate about predictive modeling and scalable AI solutions.,"Data Science, Machine Learning, AI Research","Cycling, Gaming, Reading",ENFP
U0283,Indira Pathak,33,Male,Mumbai,Maharashtra,India,M.Sc Computer Science,Full Stack Developer,10,Software Development,"TypeScript, HTML, Node.js, Express.js",Become a Full Stack Architect,Love creating responsive user interfaces and scalable backend systems.,"Software Architecture, Web Development, Open Source","Reading, Travel, Gaming",ENTP
U0284,Ikbal Jayaraman,28,Female,Chennai,Tamil Nadu,India,B.Tech Computer Science,Cybersecurity Analyst,6,Cybersecurity,"Network Security, Ethical Hacking, Linux, Wireshark",Improve digital security,"I enjoy ethical hacking, vulnerability assessment and secure software practices.","Digital Forensics, Networking, Cybersecurity","Fitness, Gaming, Chess",INFJ
U0285,Tripti Thaman,34,Male,Ahmedabad,Gujarat,India,B.E Computer Engineering,Cybersecurity Analyst,10,Cybersecurity,"Linux, Wireshark, Incident Response, SIEM",Improve digital security,Cybersecurity enthusiast passionate about protecting digital systems.,"Networking, Ethical Hacking, Cybersecurity","Fitness, Chess, Gaming",ESTJ
U0286,Abdul Din,32,Male,Bengaluru,Karnataka,India,M.Sc Computer Science,Data Scientist,8,Data Science,"SQL, Statistics, Power BI, NumPy",Build predictive models,"Love working with statistics, visualization, and predictive analytics.","Artificial Intelligence, Analytics, Business Intelligence","Travel, Cooking, Photography",INFP
U0287,Caleb Wason,23,Female,Coimbatore,Tamil Nadu,India,M.Tech Data Science,Data Scientist,3,Data Science,"Scikit-learn, Pandas, Power BI, SQL",Extract insights from data,Passionate about transforming raw data into meaningful insights.,"Visualization, Analytics, Artificial Intelligence","Photography, Reading, Travel",ESFP
U0288,Ijaya Shere,33,Female,Madurai,Tamil Nadu,India,M.Tech Artificial Intelligence,UI/UX Designer,7,Design,"CSS, Prototyping, HTML, Design Systems",Design intuitive user experiences,Love combining creativity with technology to solve real-world problems.,"UX Research, Accessibility, Product Design","Photography, Sketching, Travel",INFJ
U0289,Vivaan Arya,31,Male,New Delhi,Delhi,India,B.Tech Computer Science,AI Engineer,10,Artificial Intelligence,"Deep Learning, PyTorch, Python, NLP",Build AI solutions for healthcare,AI enthusiast with experience in deep learning and computer vision. I enjoy collaborative projects.,"Machine Learning, Hackathons, Computer Vision","Photography, Chess, Travel",ESFJ
U0290,Kamya Tella,22,Female,Thiruvananthapuram,Kerala,India,BCA,AI Engineer,0,Artificial Intelligence,"OpenCV, Scikit-learn, Deep Learning, Python",Lead AI research projects,AI enthusiast with experience in deep learning and computer vision. I enjoy collaborative projects.,"Machine Learning, Artificial Intelligence, Computer Vision","Photography, Fitness, Travel",ISFP
U0291,Luke Palla,24,Male,Nagpur,Maharashtra,India,B.Tech Information Technology,UI/UX Designer,3,Design,"Adobe XD, Prototyping, Design Systems, User Research",Lead product design teams,I enjoy designing modern interfaces that are simple and intuitive.,"Creativity, Product Design, Accessibility","Photography, Travel, Music",ESFP
U0292,Nakul Narain,33,Female,Hyderabad,Telangana,India,M.Tech Artificial Intelligence,Cybersecurity Analyst,6,Cybersecurity,"Ethical Hacking, Network Security, Wireshark, Incident Response",Prevent cyber attacks,Focused on identifying threats and improving organizational security.,"Ethical Hacking, Networking, Cybersecurity","Reading, Gaming, Chess",INTJ
U0293,Yadavi Datta,32,Male,Thiruvananthapuram,Kerala,India,M.Tech Data Science,Full Stack Developer,8,Software Development,"HTML, CSS, JavaScript, TypeScript",Develop high-performance software,Love creating responsive user interfaces and scalable backend systems.,"Software Architecture, Cloud Computing, Web Development","Travel, Gaming, Photography",ESTJ
U0294,Widisha Chhabra,35,Male,Ahmedabad,Gujarat,India,M.Sc Computer Science,Cybersecurity Analyst,7,Cybersecurity,"SIEM, Incident Response, Penetration Testing, Linux",Improve digital security,"I enjoy ethical hacking, vulnerability assessment and secure software practices.","Cybersecurity, Digital Forensics, Networking","Reading, Fitness, Chess",ENFJ
U0295,Hritik Lanka,31,Male,New Delhi,Delhi,India,B.E Computer Engineering,Product Manager,8,Product Management,"Agile, Product Strategy, Roadmapping, Leadership",Lead successful product teams,"Driven by strategy, collaboration and data-informed decision making.","Product Strategy, Technology, Leadership","Public Speaking, Cycling, Travel",INTP
U0296,Gayathri Gole,27,Male,Mysuru,Karnataka,India,MCA,Backend Developer,6,Software Development,"MongoDB, Java, Redis, Node.js",Design scalable APIs,Backend developer passionate about building secure and scalable server-side applications.,"Cloud, Distributed Systems, System Design","Chess, Coding, Music",ESFP
U0297,Anirudh Som,23,Female,Pune,Maharashtra,India,M.Tech Data Science,UI/UX Designer,2,Design,"Wireframing, HTML, Figma, User Research",Create accessible interfaces,Creative designer passionate about user-centered experiences.,"UX Research, Product Design, Creativity","Sketching, Music, Photography",INTP
U0298,Hemal Vohra,34,Female,Mysuru,Karnataka,India,B.Tech Computer Science,Product Manager,6,Product Management,"Leadership, Agile, Communication, Product Strategy",Lead successful product teams,I enjoy working with engineering and design teams to build innovative products.,"Innovation, Technology, Product Strategy","Public Speaking, Cycling, Travel",ESTP
U0299,Tarak Cheema,25,Female,Hyderabad,Telangana,India,B.Tech Information Technology,Machine Learning Engineer,1,Artificial Intelligence,"Scikit-learn, Docker, Feature Engineering, TensorFlow",Become an ML Lead,Enjoy designing ML pipelines and solving challenging business problems using data.,"MLOps, Machine Learning, Data Science","Gaming, Cycling, Reading",ISFJ
U0300,Harita Parsa,35,Male,New Delhi,Delhi,India,B.E Computer Engineering,Product Manager,6,Product Management,"Communication, Market Research, Agile, Data Analysis",Become a Head of Product,Product manager passionate about solving customer problems through technology.,"Technology, Innovation, Leadership","Travel, Public Speaking, Cycling",ESFJ
U0301,Raksha Gole,26,Male,Nagpur,Maharashtra,India,M.Sc Computer Science,Backend Developer,4,Software Development,"Java, Docker, REST APIs, SQL",Build reliable backend systems,"Enjoy designing APIs, databases, and cloud-based systems.","Cloud, System Design, Databases","Music, Chess, Reading",INFJ
U0302,Nimrat Wagle,25,Male,New Delhi,Delhi,India,MCA,Product Manager,2,Product Management,"Communication, Roadmapping, Agile, Market Research",Become a Head of Product,Product manager passionate about solving customer problems through technology.,"Leadership, Innovation, Product Strategy","Travel, Cycling, Public Speaking",INFJ
U0303,Ryan Khurana,22,Female,Kolkata,West Bengal,India,B.Tech Information Technology,UI/UX Designer,1,Design,"CSS, Prototyping, User Research, HTML",Create accessible interfaces,Love combining creativity with technology to solve real-world problems.,"Product Design, Creativity, UX Research","Music, Photography, Sketching",ESTJ
U0304,Vrinda Ganesan,34,Female,Vijayawada,Andhra Pradesh,India,MCA,Full Stack Developer,10,Software Development,"Express.js, React, HTML, JavaScript",Lead development teams,Passionate full stack developer who enjoys building modern web applications.,"Software Architecture, Open Source, Web Development","Photography, Gaming, Travel",ISTP
U0305,Vinaya Chaudhari,30,Female,Mangaluru,Karnataka,India,MCA,Machine Learning Engineer,9,Artificial Intelligence,"Python, Docker, Scikit-learn, MLOps",Become an ML Lead,Interested in creating intelligent systems that continuously learn and improve.,"Machine Learning, AI Research, MLOps","Music, Reading, Gaming",ISTP
U0306,Gopal Misra,30,Male,Ahmedabad,Gujarat,India,MCA,Product Manager,8,Product Management,"Leadership, Roadmapping, Market Research, Product Strategy",Build impactful digital products,"Driven by strategy, collaboration and data-informed decision making.","Technology, Leadership, Innovation","Travel, Cycling, Reading",ESFJ
U0307,Onkar Srivastava,21,Female,Madurai,Tamil Nadu,India,B.Tech Information Technology,UI/UX Designer,1,Design,"Figma, Adobe XD, Prototyping, User Research",Build user-friendly digital products,Love combining creativity with technology to solve real-world problems.,"Creativity, Accessibility, Product Design","Music, Photography, Travel",ENFJ
U0308,Ekaja Dewan,28,Female,Hyderabad,Telangana,India,MCA,Data Scientist,6,Data Science,"Pandas, Scikit-learn, Power BI, SQL",Build predictive models,Passionate about transforming raw data into meaningful insights.,"Analytics, Business Intelligence, Artificial Intelligence","Reading, Travel, Cooking",ISFP
U0309,Osha Balasubramanian,22,Female,Warangal,Telangana,India,BCA,Data Scientist,0,Data Science,"Scikit-learn, Statistics, NumPy, Tableau",Become a Chief Data Scientist,"Love working with statistics, visualization, and predictive analytics.","Business Intelligence, Analytics, Artificial Intelligence","Cooking, Travel, Photography",ESFP
U0310,Ishani Dhaliwal,32,Female,Bhubaneswar,Odisha,India,MCA,Full Stack Developer,6,Software Development,"JavaScript, MongoDB, Express.js, Node.js",Build scalable web applications,Enjoy solving software engineering challenges and learning new technologies.,"Software Architecture, Cloud Computing, Web Development","Travel, Reading, Photography",ESTP
U0311,Rehaan Radhakrishnan,22,Male,Bhubaneswar,Odisha,India,M.Sc Computer Science,UI/UX Designer,0,Design,"User Research, CSS, Figma, Wireframing",Design intuitive user experiences,I enjoy designing modern interfaces that are simple and intuitive.,"Accessibility, Creativity, Product Design","Travel, Photography, Music",ISFJ
U0312,Aarav Tak,23,Female,Madurai,Tamil Nadu,India,M.Tech Data Science,Backend Developer,1,Software Development,"Redis, MongoDB, Java, Docker",Build reliable backend systems,Love solving complex engineering problems behind the scenes.,"Cloud, System Design, Distributed Systems","Reading, Coding, Chess",INFJ
U0313,Ucchal Hans,22,Male,Thiruvananthapuram,Kerala,India,M.Tech Data Science,UI/UX Designer,1,Design,"User Research, Figma, Design Systems, HTML",Create accessible interfaces,Love combining creativity with technology to solve real-world problems.,"Product Design, Creativity, Accessibility","Travel, Sketching, Photography",ENFP
U0314,Shravya D’Alia,23,Female,Bhubaneswar,Odisha,India,B.Tech Information Technology,Cybersecurity Analyst,1,Cybersecurity,"Linux, Incident Response, Wireshark, Python",Improve digital security,Cybersecurity enthusiast passionate about protecting digital systems.,"Ethical Hacking, Digital Forensics, Cybersecurity","Gaming, Reading, Fitness",INTP
U0315,Nitesh Dhillon,33,Male,Bengaluru,Karnataka,India,M.Sc Computer Science,Backend Developer,9,Software Development,"Redis, Node.js, SQL, MongoDB",Design scalable APIs,"Enjoy designing APIs, databases, and cloud-based systems.","System Design, Databases, Cloud","Coding, Reading, Music",INTJ
U0316,Kevin Ben,35,Female,Surat,Gujarat,India,B.Tech Computer Science,Backend Developer,6,Software Development,"REST APIs, Docker, SQL, MongoDB",Become a Software Architect,"Enjoy designing APIs, databases, and cloud-based systems.","Cloud, Databases, Distributed Systems","Reading, Music, Coding",ESTP
U0317,Bhavna Boase,32,Female,Visakhapatnam,Andhra Pradesh,India,B.E Computer Engineering,Full Stack Developer,8,Software Development,"JavaScript, HTML, TypeScript, CSS",Build scalable web applications,Love creating responsive user interfaces and scalable backend systems.,"Web Development, Cloud Computing, Software Architecture","Photography, Travel, Gaming",ISFJ
U0318,Veer Roy,24,Male,Chennai,Tamil Nadu,India,B.Tech Computer Science,Backend Developer,3,Software Development,"SQL, MongoDB, REST APIs, Python",Build reliable backend systems,Backend developer passionate about building secure and scalable server-side applications.,"Databases, System Design, Distributed Systems","Chess, Reading, Music",ISTJ
U0319,Dhriti Ahluwalia,28,Female,Mangaluru,Karnataka,India,M.Tech Data Science,Backend Developer,6,Software Development,"REST APIs, Node.js, Java, Python",Become a Software Architect,Backend developer passionate about building secure and scalable server-side applications.,"System Design, Databases, Cloud","Chess, Coding, Reading",INFP
U0320,Gayathri Khanna,22,Female,Ahmedabad,Gujarat,India,B.E Computer Engineering,Cybersecurity Analyst,1,Cybersecurity,"Ethical Hacking, SIEM, Penetration Testing, Wireshark",Prevent cyber attacks,Focused on identifying threats and improving organizational security.,"Cybersecurity, Networking, Digital Forensics","Chess, Fitness, Reading",ENTJ
U0321,Sachi Patel,32,Male,Thiruvananthapuram,Kerala,India,M.Sc Computer Science,Product Manager,7,Product Management,"Agile, Communication, Market Research, Roadmapping",Launch innovative technology solutions,Product manager passionate about solving customer problems through technology.,"Leadership, Innovation, Technology","Cycling, Travel, Public Speaking",ISTP
U0322,Sudiksha Bhardwaj,29,Female,Mumbai,Maharashtra,India,M.Sc Computer Science,Machine Learning Engineer,3,Artificial Intelligence,"MLOps, TensorFlow, Docker, SQL",Work in predictive analytics,Machine learning engineer passionate about predictive modeling and scalable AI solutions.,"Machine Learning, Data Science, MLOps","Cycling, Gaming, Reading",ENFJ
U0323,Faris Kade,29,Male,Coimbatore,Tamil Nadu,India,M.Tech Data Science,Data Scientist,6,Data Science,"SQL, Power BI, Tableau, Pandas",Become a Chief Data Scientist,Passionate about transforming raw data into meaningful insights.,"Artificial Intelligence, Business Intelligence, Analytics","Reading, Photography, Travel",INTJ
U0324,Abhiram Gulati,24,Male,Surat,Gujarat,India,M.Tech Data Science,Product Manager,2,Product Management,"Communication, Agile, Data Analysis, Product Strategy",Build impactful digital products,I enjoy working with engineering and design teams to build innovative products.,"Technology, Innovation, Product Strategy","Travel, Public Speaking, Cycling",INFJ
U0325,Sanaya Vig,24,Male,Bengaluru,Karnataka,India,M.Sc Computer Science,Product Manager,3,Product Management,"Agile, Roadmapping, Leadership, Communication",Lead successful product teams,"Driven by strategy, collaboration and data-informed decision making.","Innovation, Technology, Leadership","Reading, Travel, Cycling",ESTP
U0326,Tejas Sodhi,23,Male,Visakhapatnam,Andhra Pradesh,India,B.Tech Information Technology,Product Manager,2,Product Management,"Roadmapping, Agile, Scrum, Communication",Launch innovative technology solutions,"Driven by strategy, collaboration and data-informed decision making.","Product Strategy, Innovation, Technology","Travel, Cycling, Reading",INTP
U0327,Naveen Jhaveri,23,Male,New Delhi,Delhi,India,M.Tech Data Science,Product Manager,1,Product Management,"Data Analysis, Scrum, Market Research, Product Strategy",Lead successful product teams,I enjoy working with engineering and design teams to build innovative products.,"Innovation, Leadership, Technology","Travel, Reading, Cycling",INFP
U0328,Vasana Kala,35,Male,Ahmedabad,Gujarat,India,B.Tech Computer Science,AI Engineer,7,Artificial Intelligence,"TensorFlow, NLP, OpenCV, Deep Learning",Lead AI research projects,AI enthusiast with experience in deep learning and computer vision. I enjoy collaborative projects.,"Open Source, Machine Learning, Artificial Intelligence","Chess, Photography, Travel",ESTP
U0329,Krishna Lad,24,Male,Hyderabad,Telangana,India,M.Sc Computer Science,Cloud Engineer,3,Cloud Computing,"Azure, Terraform, Google Cloud, Linux",Design secure cloud platforms,Cloud engineer passionate about designing scalable and secure cloud solutions.,"DevOps, Cloud Computing, Automation","Travel, Reading, Photography",ENFP
U0330,Hemangini Choudhury,33,Male,Pune,Maharashtra,India,M.Tech Artificial Intelligence,Cybersecurity Analyst,6,Cybersecurity,"Linux, Python, Wireshark, Incident Response",Prevent cyber attacks,Cybersecurity enthusiast passionate about protecting digital systems.,"Cybersecurity, Ethical Hacking, Networking","Reading, Chess, Gaming",ISTJ
U0331,Pranav Madan,30,Male,Ahmedabad,Gujarat,India,B.Tech Computer Science,Frontend Developer,10,Software Development,"HTML, JavaScript, React, CSS",Build intuitive user interfaces,Frontend developer passionate about creating beautiful and responsive user experiences.,"Mobile Development, Web Design, Accessibility","Music, Photography, Sketching",ESTJ
U0332,Nathaniel Bhasin,33,Male,Mysuru,Karnataka,India,B.Tech Information Technology,Full Stack Developer,7,Software Development,"CSS, TypeScript, React, Express.js",Become a Full Stack Architect,Passionate full stack developer who enjoys building modern web applications.,"Software Architecture, Cloud Computing, Open Source","Gaming, Travel, Photography",ENFJ
U0333,Harini Mall,28,Female,Warangal,Telangana,India,B.E Computer Engineering,Product Manager,6,Product Management,"Roadmapping, Market Research, Product Strategy, Data Analysis",Lead successful product teams,I enjoy working with engineering and design teams to build innovative products.,"Innovation, Technology, Leadership","Public Speaking, Reading, Cycling",ESTP
U0334,Vritti Kari,27,Male,Warangal,Telangana,India,M.Tech Data Science,Cybersecurity Analyst,4,Cybersecurity,"Linux, Penetration Testing, Incident Response, Ethical Hacking",Protect enterprise systems,"I enjoy ethical hacking, vulnerability assessment and secure software practices.","Ethical Hacking, Cybersecurity, Networking","Fitness, Gaming, Chess",ISFP
U0335,Saksham Singhal,24,Male,New Delhi,Delhi,India,B.E Computer Engineering,Full Stack Developer,3,Software Development,"JavaScript, Express.js, TypeScript, HTML",Lead development teams,Enjoy solving software engineering challenges and learning new technologies.,"Web Development, Open Source, Cloud Computing","Photography, Reading, Gaming",ESTP
U0336,Pranav Pradhan,24,Male,Mangaluru,Karnataka,India,BCA,Cybersecurity Analyst,1,Cybersecurity,"Linux, SIEM, Incident Response, Ethical Hacking",Protect enterprise systems,Cybersecurity enthusiast passionate about protecting digital systems.,"Ethical Hacking, Digital Forensics, Networking","Gaming, Reading, Fitness",INTJ
U0337,David Kant,28,Male,Warangal,Telangana,India,MCA,Cybersecurity Analyst,6,Cybersecurity,"Network Security, Incident Response, Python, SIEM",Improve digital security,Focused on identifying threats and improving organizational security.,"Digital Forensics, Ethical Hacking, Cybersecurity","Reading, Gaming, Fitness",ENFJ
U0338,Yashawini Bora,30,Female,New Delhi,Delhi,India,B.Tech Computer Science,Machine Learning Engineer,6,Artificial Intelligence,"SQL, TensorFlow, PyTorch, Feature Engineering",Deploy production-ready ML models,Enjoy designing ML pipelines and solving challenging business problems using data.,"MLOps, Machine Learning, AI Research","Gaming, Cycling, Music",ENFP
U0339,Janya Handa,22,Male,Ahmedabad,Gujarat,India,MCA,UI/UX Designer,1,Design,"User Research, CSS, Design Systems, Prototyping",Lead product design teams,Creative designer passionate about user-centered experiences.,"UX Research, Product Design, Creativity","Music, Photography, Sketching",ESFP
U0340,Urvi Sura,31,Female,Bhubaneswar,Odisha,India,MCA,UI/UX Designer,6,Design,"Prototyping, CSS, Figma, Design Systems",Build user-friendly digital products,Creative designer passionate about user-centered experiences.,"Creativity, UX Research, Accessibility","Photography, Music, Sketching",INFJ
U0341,Ekiya Mani,23,Male,Nagpur,Maharashtra,India,M.Tech Data Science,Cybersecurity Analyst,2,Cybersecurity,"Linux, Wireshark, SIEM, Incident Response",Improve digital security,Focused on identifying threats and improving organizational security.,"Cybersecurity, Networking, Ethical Hacking","Chess, Fitness, Reading",ESTJ
U0342,Sai Sangha,30,Female,New Delhi,Delhi,India,M.Sc Computer Science,Cloud Engineer,9,Cloud Computing,"Kubernetes, CI/CD, Azure, Google Cloud",Become a Cloud Solutions Architect,I enjoy automating infrastructure and deploying highly available applications.,"DevOps, Infrastructure, Automation","Reading, Travel, Cycling",ESFJ
U0343,Rajeshri Buch,28,Female,Hyderabad,Telangana,India,B.E Computer Engineering,Backend Developer,4,Software Development,"Node.js, Java, Docker, Python",Build reliable backend systems,"Enjoy designing APIs, databases, and cloud-based systems.","Databases, System Design, Cloud","Reading, Chess, Music",INTP
U0344,Ronith Kunda,26,Female,Warangal,Telangana,India,B.E Computer Engineering,Frontend Developer,5,Software Development,"JavaScript, React, CSS, Flutter",Improve user experience,Enjoy transforming ideas into interactive web and mobile applications.,"Web Design, UI Design, Accessibility","Music, Travel, Photography",ESFP
U0345,Ayush Singhal,33,Female,Visakhapatnam,Andhra Pradesh,India,MCA,Backend Developer,6,Software Development,"Redis, Python, Java, MongoDB",Build reliable backend systems,"Enjoy designing APIs, databases, and cloud-based systems.","Distributed Systems, Databases, System Design","Music, Coding, Chess",ESTJ
U0346,Orinder Reddy,30,Male,Nagpur,Maharashtra,India,M.Tech Data Science,AI Engineer,7,Artificial Intelligence,"Python, Scikit-learn, Deep Learning, Computer Vision",Build AI solutions for healthcare,Curious engineer interested in building intelligent systems that positively impact society.,"Open Source, Machine Learning, Hackathons","Photography, Reading, Fitness",ESFJ
U0347,Ishaan Balakrishnan,23,Female,Kolkata,West Bengal,India,MCA,Cloud Engineer,1,Cloud Computing,"Kubernetes, Google Cloud, Linux, Terraform",Design secure cloud platforms,Interested in cloud-native technologies and DevOps practices.,"Cloud Computing, Infrastructure, DevOps","Cycling, Photography, Reading",INFP
U0348,Timothy Chokshi,32,Male,Kolkata,West Bengal,India,B.E Computer Engineering,Cloud Engineer,7,Cloud Computing,"Kubernetes, Docker, CI/CD, Google Cloud",Build scalable cloud infrastructure,Interested in cloud-native technologies and DevOps practices.,"Infrastructure, Cloud Computing, Automation","Cycling, Reading, Photography",ISFP
U0349,Leela Pathak,29,Male,Ahmedabad,Gujarat,India,B.E Computer Engineering,Data Scientist,6,Data Science,"Statistics, Scikit-learn, NumPy, Python",Support business decisions,Data enthusiast who enjoys solving business problems through analytics.,"Business Intelligence, Visualization, Artificial Intelligence","Reading, Photography, Travel",INFJ
U0350,Aryan Chandra,25,Female,Ahmedabad,Gujarat,India,BCA,Backend Developer,1,Software Development,"Redis, REST APIs, Docker, Java",Build reliable backend systems,Backend developer passionate about building secure and scalable server-side applications.,"Cloud, Databases, Distributed Systems","Reading, Music, Coding",ISFP
U0351,Daksh Sanghvi,31,Female,Ahmedabad,Gujarat,India,B.Tech Computer Science,Backend Developer,8,Software Development,"Node.js, MongoDB, Python, Java",Become a Software Architect,"Enjoy designing APIs, databases, and cloud-based systems.","Databases, System Design, Distributed Systems","Chess, Coding, Reading",ISFP
U0352,Oliver Goel,21,Male,Thiruvananthapuram,Kerala,India,M.Tech Artificial Intelligence,Frontend Developer,0,Software Development,"JavaScript, TypeScript, Tailwind CSS, Figma",Become a UI Engineering Lead,Enjoy transforming ideas into interactive web and mobile applications.,"Web Design, Mobile Development, Accessibility","Sketching, Music, Photography",INFJ
U0353,Arunima Zacharia,23,Female,Bhubaneswar,Odisha,India,M.Sc Computer Science,AI Engineer,2,Artificial Intelligence,"NLP, TensorFlow, Python, OpenCV",Develop intelligent automation systems,Curious engineer interested in building intelligent systems that positively impact society.,"Machine Learning, Hackathons, Computer Vision","Fitness, Reading, Chess",ESTP
U0354,Waida Varma,22,Female,Hyderabad,Telangana,India,MCA,Machine Learning Engineer,1,Artificial Intelligence,"MLOps, Scikit-learn, PyTorch, Feature Engineering",Become an ML Lead,Enjoy designing ML pipelines and solving challenging business problems using data.,"Data Science, MLOps, AI Research","Cycling, Reading, Music",ENFP
U0355,Warda Dubey,34,Female,Hyderabad,Telangana,India,B.E Computer Engineering,Data Scientist,7,Data Science,"Pandas, Python, NumPy, Tableau",Extract insights from data,Passionate about transforming raw data into meaningful insights.,"Artificial Intelligence, Visualization, Analytics","Reading, Photography, Travel",INTP
U0356,Gopal Doctor,22,Male,Kochi,Kerala,India,M.Tech Data Science,Cybersecurity Analyst,0,Cybersecurity,"Ethical Hacking, Incident Response, Network Security, Penetration Testing",Prevent cyber attacks,Focused on identifying threats and improving organizational security.,"Networking, Cybersecurity, Ethical Hacking","Chess, Fitness, Reading",ISTJ
U0357,Laban Iyer,26,Male,New Delhi,Delhi,India,B.Tech Information Technology,Product Manager,3,Product Management,"Agile, Leadership, Scrum, Market Research",Launch innovative technology solutions,Product manager passionate about solving customer problems through technology.,"Technology, Leadership, Product Strategy","Travel, Public Speaking, Cycling",ESFJ
U0358,Farhan Sarraf,23,Male,Ahmedabad,Gujarat,India,MCA,Product Manager,2,Product Management,"Data Analysis, Scrum, Leadership, Communication",Become a Head of Product,Product manager passionate about solving customer problems through technology.,"Leadership, Technology, Innovation","Reading, Public Speaking, Cycling",ESFP
U0359,Ranbir Raju,32,Male,Kochi,Kerala,India,MCA,Frontend Developer,9,Software Development,"JavaScript, CSS, HTML, Figma",Become a UI Engineering Lead,Love combining creativity with technology to build engaging products.,"Accessibility, UI Design, Mobile Development","Music, Photography, Sketching",ENTJ
U0360,Kala Khalsa,31,Male,New Delhi,Delhi,India,M.Sc Computer Science,Cybersecurity Analyst,6,Cybersecurity,"Incident Response, Wireshark, Penetration Testing, Network Security",Protect enterprise systems,Cybersecurity enthusiast passionate about protecting digital systems.,"Ethical Hacking, Networking, Cybersecurity","Gaming, Chess, Fitness",ENFJ
U0361,Omisha Mukhopadhyay,24,Male,Vijayawada,Andhra Pradesh,India,M.Tech Artificial Intelligence,Frontend Developer,2,Software Development,"Tailwind CSS, HTML, Flutter, TypeScript",Become a UI Engineering Lead,Love combining creativity with technology to build engaging products.,"Accessibility, Mobile Development, Web Design","Travel, Photography, Music",INFJ
U0362,Turvi Karpe,22,Female,Mysuru,Karnataka,India,M.Sc Computer Science,Cybersecurity Analyst,0,Cybersecurity,"Linux, Network Security, Incident Response, Python",Protect enterprise systems,"I enjoy ethical hacking, vulnerability assessment and secure software practices.","Cybersecurity, Ethical Hacking, Networking","Reading, Chess, Gaming",ENTP
U0363,Adweta Raju,31,Female,Bhubaneswar,Odisha,India,M.Tech Artificial Intelligence,Machine Learning Engineer,8,Artificial Intelligence,"Docker, PyTorch, Feature Engineering, TensorFlow",Become an ML Lead,Enjoy designing ML pipelines and solving challenging business problems using data.,"Machine Learning, AI Research, Data Science","Cycling, Gaming, Reading",ESTJ
U0364,Libni Dhar,28,Male,Ahmedabad,Gujarat,India,B.E Computer Engineering,Cloud Engineer,5,Cloud Computing,"Google Cloud, Docker, Linux, Azure",Automate cloud deployments,Interested in cloud-native technologies and DevOps practices.,"Infrastructure, DevOps, Cloud Computing","Cycling, Reading, Photography",ESFP
U0365,Gayathri Grewal,34,Female,Hyderabad,Telangana,India,M.Tech Data Science,UI/UX Designer,9,Design,"HTML, User Research, Design Systems, Wireframing",Lead product design teams,I enjoy designing modern interfaces that are simple and intuitive.,"UX Research, Accessibility, Creativity","Photography, Music, Travel",INTJ
U0366,Nihal Natarajan,27,Female,Mysuru,Karnataka,India,MCA,Frontend Developer,6,Software Development,"Flutter, React, Tailwind CSS, JavaScript",Improve user experience,Frontend developer passionate about creating beautiful and responsive user experiences.,"Web Design, Accessibility, UI Design","Sketching, Photography, Travel",ESTJ
U0367,Siya Sastry,21,Male,Bhubaneswar,Odisha,India,M.Sc Computer Science,Data Scientist,1,Data Science,"Tableau, Pandas, Python, NumPy",Extract insights from data,"Love working with statistics, visualization, and predictive analytics.","Artificial Intelligence, Business Intelligence, Visualization","Travel, Cooking, Photography",ESFP
U0368,Gopal Kari,32,Female,Pune,Maharashtra,India,MCA,Machine Learning Engineer,7,Artificial Intelligence,"Feature Engineering, TensorFlow, PyTorch, Scikit-learn",Work in predictive analytics,Interested in creating intelligent systems that continuously learn and improve.,"Machine Learning, MLOps, AI Research","Reading, Gaming, Cycling",ISFJ
U0369,Yasti Puri,27,Male,Nagpur,Maharashtra,India,B.Tech Information Technology,Product Manager,5,Product Management,"Leadership, Agile, Communication, Market Research",Become a Head of Product,I enjoy working with engineering and design teams to build innovative products.,"Innovation, Product Strategy, Technology","Public Speaking, Cycling, Travel",ISFP
U0370,Baghyawati Pau,26,Female,Pune,Maharashtra,India,M.Tech Data Science,UI/UX Designer,6,Design,"Wireframing, Figma, Design Systems, User Research",Create accessible interfaces,Love combining creativity with technology to solve real-world problems.,"Accessibility, UX Research, Product Design","Travel, Music, Photography",INTP
U0371,Ekapad Sethi,24,Male,New Delhi,Delhi,India,M.Tech Artificial Intelligence,UI/UX Designer,1,Design,"User Research, HTML, Prototyping, Design Systems",Lead product design teams,Creative designer passionate about user-centered experiences.,"Product Design, Accessibility, Creativity","Travel, Music, Sketching",ISTJ
U0372,Yashodhara Sawhney,24,Male,Kolkata,West Bengal,India,B.E Computer Engineering,Product Manager,1,Product Management,"Agile, Scrum, Product Strategy, Roadmapping",Become a Head of Product,"Driven by strategy, collaboration and data-informed decision making.","Product Strategy, Innovation, Technology","Travel, Reading, Cycling",INFJ
U0373,Lavanya Mukhopadhyay,25,Male,Kochi,Kerala,India,M.Sc Computer Science,AI Engineer,1,Artificial Intelligence,"Python, OpenCV, Scikit-learn, PyTorch",Become an AI Architect,AI enthusiast with experience in deep learning and computer vision. I enjoy collaborative projects.,"Artificial Intelligence, Open Source, Machine Learning","Reading, Travel, Photography",INFJ
U0374,Hemangini Ahuja,22,Female,Visakhapatnam,Andhra Pradesh,India,M.Sc Computer Science,Full Stack Developer,0,Software Development,"Express.js, MongoDB, JavaScript, Node.js",Develop high-performance software,Enjoy solving software engineering challenges and learning new technologies.,"Software Architecture, Cloud Computing, Web Development","Photography, Gaming, Reading",ENTP
U0375,Charan Kant,24,Female,Thiruvananthapuram,Kerala,India,M.Tech Data Science,Data Scientist,3,Data Science,"Python, NumPy, Statistics, Pandas",Extract insights from data,"Love working with statistics, visualization, and predictive analytics.","Artificial Intelligence, Visualization, Analytics","Travel, Photography, Reading",ESFP
U0376,Falguni Sekhon,34,Male,Kochi,Kerala,India,B.Tech Computer Science,Frontend Developer,7,Software Development,"TypeScript, Tailwind CSS, CSS, HTML",Become a UI Engineering Lead,Love combining creativity with technology to build engaging products.,"UI Design, Web Design, Accessibility","Travel, Photography, Sketching",ISTP
U0377,Manthan Garg,25,Female,Bengaluru,Karnataka,India,M.Tech Artificial Intelligence,Backend Developer,1,Software Development,"Redis, REST APIs, Node.js, SQL",Build reliable backend systems,"Enjoy designing APIs, databases, and cloud-based systems.","Distributed Systems, Databases, Cloud","Music, Coding, Reading",ENTP
U0378,Vihaan Koshy,32,Female,Kochi,Kerala,India,BCA,Data Scientist,10,Data Science,"Power BI, NumPy, Scikit-learn, Python",Extract insights from data,Data enthusiast who enjoys solving business problems through analytics.,"Visualization, Business Intelligence, Artificial Intelligence","Reading, Photography, Cooking",ENFJ
U0379,Balveer Barad,26,Male,Visakhapatnam,Andhra Pradesh,India,B.E Computer Engineering,Backend Developer,4,Software Development,"Node.js, Docker, MongoDB, SQL",Become a Software Architect,"Enjoy designing APIs, databases, and cloud-based systems.","System Design, Cloud, Distributed Systems","Reading, Chess, Coding",ISFJ
U0380,Utkarsh Garde,22,Male,Kolkata,West Bengal,India,BCA,Full Stack Developer,1,Software Development,"Express.js, JavaScript, CSS, MongoDB",Become a Full Stack Architect,Passionate full stack developer who enjoys building modern web applications.,"Software Architecture, Web Development, Open Source","Travel, Gaming, Photography",ISFP
U0381,Udarsh Saraf,25,Female,Hyderabad,Telangana,India,B.E Computer Engineering,Product Manager,3,Product Management,"Scrum, Agile, Market Research, Leadership",Become a Head of Product,I enjoy working with engineering and design teams to build innovative products.,"Product Strategy, Technology, Leadership","Travel, Reading, Cycling",ISFJ
U0382,Chavvi Chacko,27,Male,Warangal,Telangana,India,M.Tech Artificial Intelligence,Cybersecurity Analyst,5,Cybersecurity,"Wireshark, SIEM, Ethical Hacking, Incident Response",Prevent cyber attacks,Cybersecurity enthusiast passionate about protecting digital systems.,"Digital Forensics, Networking, Cybersecurity","Fitness, Chess, Gaming",ESTP
U0383,Harita Barad,21,Female,Ahmedabad,Gujarat,India,BCA,Machine Learning Engineer,0,Artificial Intelligence,"SQL, MLOps, PyTorch, Feature Engineering",Build scalable ML pipelines,Machine learning engineer passionate about predictive modeling and scalable AI solutions.,"Machine Learning, MLOps, AI Research","Cycling, Gaming, Music",ESFP
U0384,Naveen Tak,30,Male,Visakhapatnam,Andhra Pradesh,India,M.Tech Data Science,Frontend Developer,10,Software Development,"Figma, HTML, CSS, Tailwind CSS",Improve user experience,Love combining creativity with technology to build engaging products.,"UI Design, Web Design, Accessibility","Music, Sketching, Photography",ESTJ
U0385,Omya Amble,23,Female,Mysuru,Karnataka,India,B.E Computer Engineering,Cybersecurity Analyst,2,Cybersecurity,"Ethical Hacking, Linux, Network Security, SIEM",Improve digital security,"I enjoy ethical hacking, vulnerability assessment and secure software practices.","Digital Forensics, Networking, Ethical Hacking","Reading, Fitness, Gaming",ESTJ
U0386,Yashoda Sachdev,35,Female,Warangal,Telangana,India,B.E Computer Engineering,Cloud Engineer,10,Cloud Computing,"CI/CD, AWS, Azure, Terraform",Build scalable cloud infrastructure,Cloud engineer passionate about designing scalable and secure cloud solutions.,"DevOps, Cloud Computing, Infrastructure","Reading, Travel, Photography",ISFP
U0387,Sarthak Wali,35,Female,Ahmedabad,Gujarat,India,MCA,Machine Learning Engineer,10,Artificial Intelligence,"Docker, PyTorch, SQL, Python",Improve recommendation systems,Machine learning engineer passionate about predictive modeling and scalable AI solutions.,"MLOps, Machine Learning, AI Research","Reading, Cycling, Music",ISTJ
U0388,Liam Nagy,35,Male,Visakhapatnam,Andhra Pradesh,India,B.E Computer Engineering,Product Manager,9,Product Management,"Scrum, Communication, Roadmapping, Agile",Launch innovative technology solutions,Product manager passionate about solving customer problems through technology.,"Leadership, Product Strategy, Technology","Cycling, Travel, Reading",ESTJ
U0389,Adya Mani,21,Female,Mysuru,Karnataka,India,M.Sc Computer Science,Data Scientist,1,Data Science,"Python, Pandas, Scikit-learn, Statistics",Become a Chief Data Scientist,"Love working with statistics, visualization, and predictive analytics.","Visualization, Analytics, Business Intelligence","Travel, Reading, Photography",ENTJ
U0390,Dominic Wadhwa,30,Female,Kolkata,West Bengal,India,M.Tech Data Science,UI/UX Designer,7,Design,"Prototyping, HTML, CSS, Figma",Design intuitive user experiences,Creative designer passionate about user-centered experiences.,"Product Design, Accessibility, Creativity","Travel, Music, Sketching",ENTP
U0391,Riya Munshi,28,Male,Kolkata,West Bengal,India,MCA,Backend Developer,3,Software Development,"REST APIs, MongoDB, Java, SQL",Optimize distributed systems,"Enjoy designing APIs, databases, and cloud-based systems.","System Design, Databases, Cloud","Chess, Coding, Reading",INFP
U0392,Upadhriti Narain,31,Male,Kolkata,West Bengal,India,MCA,Cloud Engineer,9,Cloud Computing,"Docker, Terraform, Linux, Azure",Design secure cloud platforms,Interested in cloud-native technologies and DevOps practices.,"Cloud Computing, DevOps, Automation","Cycling, Travel, Photography",ISFJ
U0393,Nimrat Dass,23,Female,Kochi,Kerala,India,M.Tech Data Science,Data Scientist,3,Data Science,"Python, Statistics, Scikit-learn, Power BI",Extract insights from data,Data enthusiast who enjoys solving business problems through analytics.,"Artificial Intelligence, Visualization, Analytics","Cooking, Travel, Reading",ESFJ
U0394,Lohit Chaudhary,30,Male,Mangaluru,Karnataka,India,B.Tech Information Technology,Backend Developer,9,Software Development,"Node.js, Docker, Java, SQL",Build reliable backend systems,Backend developer passionate about building secure and scalable server-side applications.,"System Design, Cloud, Databases","Reading, Music, Coding",ESTP
U0395,Vanya Gera,33,Male,Thiruvananthapuram,Kerala,India,M.Tech Artificial Intelligence,Product Manager,7,Product Management,"Scrum, Market Research, Leadership, Product Strategy",Build impactful digital products,I enjoy working with engineering and design teams to build innovative products.,"Technology, Product Strategy, Innovation","Reading, Cycling, Public Speaking",ESFP
U0396,Widisha Modi,32,Female,Kolkata,West Bengal,India,MCA,Cybersecurity Analyst,9,Cybersecurity,"Penetration Testing, Network Security, Ethical Hacking, Python",Protect enterprise systems,Cybersecurity enthusiast passionate about protecting digital systems.,"Cybersecurity, Ethical Hacking, Digital Forensics","Chess, Fitness, Gaming",INFJ
U0397,Janani Subramaniam,27,Male,Bhubaneswar,Odisha,India,M.Tech Data Science,Full Stack Developer,6,Software Development,"Node.js, Express.js, CSS, JavaScript",Build scalable web applications,Passionate full stack developer who enjoys building modern web applications.,"Open Source, Cloud Computing, Software Architecture","Photography, Travel, Gaming",ESTP
U0398,Jyoti Nazareth,24,Female,Pune,Maharashtra,India,B.Tech Computer Science,Product Manager,2,Product Management,"Agile, Communication, Market Research, Roadmapping",Become a Head of Product,I enjoy working with engineering and design teams to build innovative products.,"Leadership, Technology, Innovation","Cycling, Travel, Public Speaking",ENFP
U0399,Jagdish Reddy,29,Female,Coimbatore,Tamil Nadu,India,B.Tech Information Technology,AI Engineer,5,Artificial Intelligence,"OpenCV, Computer Vision, Python, Scikit-learn",Become an AI Architect,Curious engineer interested in building intelligent systems that positively impact society.,"Computer Vision, Open Source, Hackathons","Travel, Reading, Fitness",ISFJ
U0400,Kai Wason,28,Male,New Delhi,Delhi,India,M.Tech Artificial Intelligence,Full Stack Developer,5,Software Development,"TypeScript, React, Node.js, Express.js",Lead development teams,Enjoy solving software engineering challenges and learning new technologies.,"Cloud Computing, Open Source, Web Development","Travel, Photography, Gaming",ESFP
U0401,Oni Wali,23,Female,Mumbai,Maharashtra,India,B.Tech Information Technology,Data Scientist,2,Data Science,"Scikit-learn, Pandas, SQL, Power BI",Extract insights from data,Passionate about transforming raw data into meaningful insights.,"Business Intelligence, Visualization, Artificial Intelligence","Reading, Photography, Travel",ENTJ
U0402,Victor Lal,27,Male,Mangaluru,Karnataka,India,B.Tech Information Technology,Frontend Developer,4,Software Development,"Tailwind CSS, HTML, Figma, Flutter",Build intuitive user interfaces,Love combining creativity with technology to build engaging products.,"Web Design, UI Design, Accessibility","Sketching, Photography, Music",ENTP
U0403,Zinal Biswas,33,Male,Visakhapatnam,Andhra Pradesh,India,B.Tech Information Technology,Machine Learning Engineer,7,Artificial Intelligence,"Scikit-learn, SQL, Docker, TensorFlow",Improve recommendation systems,Interested in creating intelligent systems that continuously learn and improve.,"MLOps, AI Research, Data Science","Music, Reading, Cycling",INFJ
U0404,Pushti Bhatti,26,Male,Hyderabad,Telangana,India,M.Sc Computer Science,Frontend Developer,6,Software Development,"React, JavaScript, CSS, HTML",Become a UI Engineering Lead,Love combining creativity with technology to build engaging products.,"Mobile Development, UI Design, Accessibility","Music, Travel, Photography",ESFJ
U0405,Ishanvi Chandra,23,Male,Bhubaneswar,Odisha,India,B.E Computer Engineering,Full Stack Developer,2,Software Development,"CSS, Express.js, TypeScript, MongoDB",Develop high-performance software,Passionate full stack developer who enjoys building modern web applications.,"Software Architecture, Web Development, Cloud Computing","Gaming, Photography, Travel",ESTJ
U0406,Oscar Swamy,33,Male,Warangal,Telangana,India,BCA,Cloud Engineer,6,Cloud Computing,"Google Cloud, Kubernetes, AWS, Linux",Automate cloud deployments,I enjoy automating infrastructure and deploying highly available applications.,"Infrastructure, Automation, DevOps","Reading, Photography, Travel",ISTJ
U0407,Yashodhara Om,30,Female,Warangal,Telangana,India,M.Tech Artificial Intelligence,UI/UX Designer,10,Design,"CSS, Design Systems, Wireframing, Prototyping",Create accessible interfaces,I enjoy designing modern interfaces that are simple and intuitive.,"UX Research, Accessibility, Product Design","Music, Travel, Sketching",ISFJ
U0408,Avi Dalal,22,Female,Bhubaneswar,Odisha,India,B.E Computer Engineering,Full Stack Developer,0,Software Development,"JavaScript, CSS, MongoDB, HTML",Develop high-performance software,Passionate full stack developer who enjoys building modern web applications.,"Cloud Computing, Software Architecture, Open Source","Gaming, Reading, Photography",ESFJ
U0409,Falan Gaba,31,Male,Bhubaneswar,Odisha,India,B.Tech Computer Science,Backend Developer,6,Software Development,"Redis, Node.js, MongoDB, Python",Optimize distributed systems,"Enjoy designing APIs, databases, and cloud-based systems.","Databases, Cloud, Distributed Systems","Reading, Coding, Music",INFJ
U0410,Naveen Ram,29,Female,Mumbai,Maharashtra,India,M.Tech Artificial Intelligence,Cloud Engineer,5,Cloud Computing,"CI/CD, AWS, Azure, Docker",Design secure cloud platforms,Cloud engineer passionate about designing scalable and secure cloud solutions.,"Cloud Computing, Infrastructure, DevOps","Photography, Cycling, Travel",ESTP
U0411,Alka Grover,26,Female,Bhubaneswar,Odisha,India,M.Tech Data Science,Machine Learning Engineer,6,Artificial Intelligence,"SQL, PyTorch, MLOps, Docker",Work in predictive analytics,Machine learning engineer passionate about predictive modeling and scalable AI solutions.,"Data Science, MLOps, Machine Learning","Music, Reading, Gaming",INFJ
U0412,Deepa Kar,34,Male,Bhubaneswar,Odisha,India,M.Sc Computer Science,UI/UX Designer,9,Design,"Figma, Design Systems, Adobe XD, User Research",Lead product design teams,Creative designer passionate about user-centered experiences.,"Accessibility, UX Research, Creativity","Travel, Music, Photography",INTP
U0413,Yoshita Gole,23,Female,Mysuru,Karnataka,India,MCA,UI/UX Designer,2,Design,"User Research, Prototyping, Figma, Adobe XD",Create accessible interfaces,Love combining creativity with technology to solve real-world problems.,"Accessibility, UX Research, Product Design","Travel, Sketching, Music",ESFP
U0414,Isha Wadhwa,22,Male,Bhubaneswar,Odisha,India,B.Tech Computer Science,AI Engineer,1,Artificial Intelligence,"Scikit-learn, Deep Learning, PyTorch, OpenCV",Create ethical AI applications,AI enthusiast with experience in deep learning and computer vision. I enjoy collaborative projects.,"Open Source, Hackathons, Computer Vision","Fitness, Chess, Reading",ESTP
U0415,Anay Sathe,31,Female,Ahmedabad,Gujarat,India,B.Tech Information Technology,Cybersecurity Analyst,10,Cybersecurity,"Incident Response, Wireshark, Ethical Hacking, SIEM",Become a Security Architect,Focused on identifying threats and improving organizational security.,"Cybersecurity, Digital Forensics, Networking","Reading, Fitness, Chess",INFP
U0416,Ria Toor,30,Male,Kochi,Kerala,India,M.Tech Artificial Intelligence,AI Engineer,10,Artificial Intelligence,"Python, Deep Learning, OpenCV, TensorFlow",Create ethical AI applications,Curious engineer interested in building intelligent systems that positively impact society.,"Artificial Intelligence, Hackathons, Computer Vision","Fitness, Chess, Reading",ISTJ
U0417,Gagan Lal,24,Male,Vijayawada,Andhra Pradesh,India,MCA,Full Stack Developer,2,Software Development,"JavaScript, Express.js, TypeScript, Node.js",Lead development teams,Passionate full stack developer who enjoys building modern web applications.,"Software Architecture, Web Development, Open Source","Photography, Travel, Gaming",ENTP
U0418,Panini Murthy,29,Male,Warangal,Telangana,India,B.E Computer Engineering,Machine Learning Engineer,5,Artificial Intelligence,"Scikit-learn, Docker, TensorFlow, PyTorch",Improve recommendation systems,Machine learning engineer passionate about predictive modeling and scalable AI solutions.,"MLOps, Machine Learning, AI Research","Cycling, Gaming, Reading",ENTP
U0419,Dayamai Kaur,23,Female,Kolkata,West Bengal,India,BCA,Frontend Developer,1,Software Development,"React, JavaScript, Figma, TypeScript",Improve user experience,Enjoy transforming ideas into interactive web and mobile applications.,"Accessibility, UI Design, Mobile Development","Sketching, Photography, Music",ISFP
U0420,Chakradev Mammen,28,Male,Coimbatore,Tamil Nadu,India,B.Tech Computer Science,Machine Learning Engineer,5,Artificial Intelligence,"Scikit-learn, Docker, Feature Engineering, SQL",Build scalable ML pipelines,Interested in creating intelligent systems that continuously learn and improve.,"AI Research, Data Science, Machine Learning","Gaming, Cycling, Music",INFP
U0421,Anusha Buch,29,Male,Kolkata,West Bengal,India,B.Tech Computer Science,Full Stack Developer,6,Software Development,"MongoDB, HTML, React, JavaScript",Build scalable web applications,Love creating responsive user interfaces and scalable backend systems.,"Cloud Computing, Software Architecture, Open Source","Photography, Travel, Gaming",ISFJ
U0422,Udyati Sachdeva,23,Female,Bhubaneswar,Odisha,India,B.Tech Information Technology,AI Engineer,2,Artificial Intelligence,"TensorFlow, OpenCV, Scikit-learn, Deep Learning",Lead AI research projects,AI enthusiast with experience in deep learning and computer vision. I enjoy collaborative projects.,"Machine Learning, Computer Vision, Open Source","Photography, Fitness, Travel",ESTP
U0423,Zayan Cheema,24,Male,New Delhi,Delhi,India,M.Sc Computer Science,Backend Developer,3,Software Development,"REST APIs, Python, Redis, Java",Build reliable backend systems,Love solving complex engineering problems behind the scenes.,"System Design, Distributed Systems, Cloud","Coding, Music, Reading",ISTP
U0424,Vedant Grewal,22,Male,Mangaluru,Karnataka,India,M.Sc Computer Science,UI/UX Designer,0,Design,"Design Systems, HTML, Prototyping, User Research",Lead product design teams,I enjoy designing modern interfaces that are simple and intuitive.,"Product Design, Creativity, UX Research","Sketching, Photography, Travel",ENFJ
U0425,Yug Dora,21,Male,Nagpur,Maharashtra,India,M.Tech Data Science,Cybersecurity Analyst,1,Cybersecurity,"Wireshark, Network Security, Penetration Testing, Linux",Prevent cyber attacks,Cybersecurity enthusiast passionate about protecting digital systems.,"Ethical Hacking, Networking, Cybersecurity","Reading, Gaming, Chess",INTJ
U0426,Lopa Agarwal,34,Female,Kolkata,West Bengal,India,M.Sc Computer Science,Full Stack Developer,7,Software Development,"Express.js, HTML, CSS, MongoDB",Become a Full Stack Architect,Passionate full stack developer who enjoys building modern web applications.,"Open Source, Cloud Computing, Web Development","Travel, Photography, Gaming",ISTJ
U0427,Aarna Dugal,34,Female,Madurai,Tamil Nadu,India,M.Sc Computer Science,Full Stack Developer,6,Software Development,"CSS, HTML, TypeScript, JavaScript",Develop high-performance software,Love creating responsive user interfaces and scalable backend systems.,"Software Architecture, Open Source, Web Development","Photography, Travel, Reading",INTP
U0428,Libni Chokshi,21,Female,Thiruvananthapuram,Kerala,India,MCA,Full Stack Developer,0,Software Development,"CSS, React, Node.js, JavaScript",Build scalable web applications,Enjoy solving software engineering challenges and learning new technologies.,"Open Source, Cloud Computing, Software Architecture","Gaming, Photography, Reading",INFP
U0429,Jonathan Kala,25,Male,Mangaluru,Karnataka,India,B.Tech Computer Science,Frontend Developer,2,Software Development,"Figma, Tailwind CSS, React, TypeScript",Become a UI Engineering Lead,Enjoy transforming ideas into interactive web and mobile applications.,"Mobile Development, UI Design, Accessibility","Photography, Travel, Sketching",ESTJ
U0430,Praneel Mall,33,Female,Mumbai,Maharashtra,India,B.Tech Information Technology,UI/UX Designer,9,Design,"Adobe XD, Figma, HTML, Design Systems",Build user-friendly digital products,I enjoy designing modern interfaces that are simple and intuitive.,"UX Research, Accessibility, Creativity","Music, Sketching, Photography",ISFP
U0431,Bhavika Rao,22,Male,Madurai,Tamil Nadu,India,M.Tech Data Science,Machine Learning Engineer,1,Artificial Intelligence,"SQL, Python, Feature Engineering, PyTorch",Improve recommendation systems,Interested in creating intelligent systems that continuously learn and improve.,"Machine Learning, Data Science, MLOps","Music, Gaming, Cycling",ESTJ
U0432,Gaurang Barman,28,Male,Bhubaneswar,Odisha,India,B.Tech Information Technology,AI Engineer,3,Artificial Intelligence,"Python, Deep Learning, NLP, Scikit-learn",Become an AI Architect,Passionate about artificial intelligence and solving real-world problems through machine learning.,"Hackathons, Machine Learning, Computer Vision","Fitness, Photography, Chess",ISFP
U0433,Hiral Gour,32,Male,Vijayawada,Andhra Pradesh,India,M.Tech Artificial Intelligence,Cybersecurity Analyst,7,Cybersecurity,"Network Security, SIEM, Ethical Hacking, Linux",Improve digital security,Focused on identifying threats and improving organizational security.,"Digital Forensics, Networking, Cybersecurity","Gaming, Fitness, Reading",ESTJ
U0434,Warda Varkey,26,Male,Madurai,Tamil Nadu,India,B.Tech Computer Science,Backend Developer,4,Software Development,"Python, SQL, Node.js, Java",Design scalable APIs,Love solving complex engineering problems behind the scenes.,"Databases, Distributed Systems, System Design","Coding, Reading, Music",ESTP
U0435,Aarav Bassi,32,Female,New Delhi,Delhi,India,BCA,Product Manager,8,Product Management,"Product Strategy, Agile, Roadmapping, Data Analysis",Become a Head of Product,Product manager passionate about solving customer problems through technology.,"Technology, Leadership, Product Strategy","Travel, Cycling, Reading",ENFP
U0436,Zashil Bali,32,Male,New Delhi,Delhi,India,BCA,Cybersecurity Analyst,7,Cybersecurity,"Network Security, Linux, SIEM, Python",Become a Security Architect,Cybersecurity enthusiast passionate about protecting digital systems.,"Cybersecurity, Ethical Hacking, Networking","Fitness, Chess, Gaming",INTP
U0437,Hema Jaggi,24,Male,Pune,Maharashtra,India,M.Tech Artificial Intelligence,AI Engineer,2,Artificial Intelligence,"PyTorch, Scikit-learn, Deep Learning, TensorFlow",Develop intelligent automation systems,Passionate about artificial intelligence and solving real-world problems through machine learning.,"Artificial Intelligence, Machine Learning, Open Source","Reading, Fitness, Photography",INFJ
U0438,Shivansh Dhillon,31,Male,Mysuru,Karnataka,India,M.Tech Data Science,Cloud Engineer,9,Cloud Computing,"Docker, Google Cloud, Linux, Azure",Design secure cloud platforms,Interested in cloud-native technologies and DevOps practices.,"Cloud Computing, Infrastructure, Automation","Photography, Travel, Reading",ISTP
U0439,Alka Bumb,26,Male,Vijayawada,Andhra Pradesh,India,B.Tech Computer Science,Frontend Developer,4,Software Development,"TypeScript, Figma, JavaScript, HTML",Improve user experience,Frontend developer passionate about creating beautiful and responsive user experiences.,"Web Design, UI Design, Mobile Development","Photography, Music, Sketching",ESFP
U0440,Ijaya Mall,22,Female,Warangal,Telangana,India,M.Sc Computer Science,Product Manager,1,Product Management,"Product Strategy, Communication, Market Research, Data Analysis",Become a Head of Product,"Driven by strategy, collaboration and data-informed decision making.","Product Strategy, Innovation, Leadership","Cycling, Public Speaking, Reading",ENFJ
U0441,Januja Singhal,35,Male,Pune,Maharashtra,India,BCA,Full Stack Developer,7,Software Development,"MongoDB, Express.js, CSS, TypeScript",Become a Full Stack Architect,Love creating responsive user interfaces and scalable backend systems.,"Cloud Computing, Software Architecture, Web Development","Travel, Gaming, Photography",ESTP
U0442,Anita Rajagopal,26,Male,Nagpur,Maharashtra,India,M.Sc Computer Science,UI/UX Designer,5,Design,"HTML, Prototyping, CSS, Design Systems",Build user-friendly digital products,I enjoy designing modern interfaces that are simple and intuitive.,"Accessibility, Product Design, Creativity","Music, Sketching, Travel",ESTP
U0443,Anthony Roy,25,Male,Mysuru,Karnataka,India,M.Tech Data Science,Full Stack Developer,3,Software Development,"React, CSS, Node.js, TypeScript",Build scalable web applications,Passionate full stack developer who enjoys building modern web applications.,"Web Development, Open Source, Software Architecture","Travel, Photography, Gaming",ESTJ
U0444,Champak Panchal,25,Male,Kochi,Kerala,India,M.Tech Data Science,Backend Developer,1,Software Development,"MongoDB, Node.js, Docker, SQL",Optimize distributed systems,Love solving complex engineering problems behind the scenes.,"Distributed Systems, Databases, System Design","Music, Chess, Reading",ENFJ
U0445,Gunbir Sankaran,24,Female,Bhubaneswar,Odisha,India,MCA,Cybersecurity Analyst,1,Cybersecurity,"Python, Incident Response, Ethical Hacking, Wireshark",Improve digital security,Cybersecurity enthusiast passionate about protecting digital systems.,"Ethical Hacking, Networking, Cybersecurity","Reading, Chess, Fitness",ISFJ
U0446,Aarav Sant,28,Male,New Delhi,Delhi,India,BCA,AI Engineer,6,Artificial Intelligence,"OpenCV, Scikit-learn, NLP, Deep Learning",Lead AI research projects,AI enthusiast with experience in deep learning and computer vision. I enjoy collaborative projects.,"Hackathons, Artificial Intelligence, Computer Vision","Reading, Chess, Fitness",ESTJ
U0447,Ronith Dyal,31,Female,Vijayawada,Andhra Pradesh,India,M.Tech Artificial Intelligence,Product Manager,9,Product Management,"Scrum, Leadership, Roadmapping, Communication",Become a Head of Product,Product manager passionate about solving customer problems through technology.,"Leadership, Product Strategy, Innovation","Public Speaking, Reading, Cycling",ENTP
U0448,Lila Nanda,23,Female,Madurai,Tamil Nadu,India,B.Tech Computer Science,UI/UX Designer,1,Design,"Prototyping, Figma, CSS, Wireframing",Create accessible interfaces,Creative designer passionate about user-centered experiences.,"Creativity, Accessibility, UX Research","Music, Sketching, Photography",INTJ
U0449,Samesh Rao,26,Male,Kolkata,West Bengal,India,B.Tech Information Technology,Data Scientist,4,Data Science,"Tableau, NumPy, Power BI, Python",Become a Chief Data Scientist,Passionate about transforming raw data into meaningful insights.,"Visualization, Analytics, Artificial Intelligence","Cooking, Travel, Reading",INFP
U0450,Naksh Lalla,30,Female,Kochi,Kerala,India,M.Tech Data Science,Product Manager,7,Product Management,"Agile, Scrum, Roadmapping, Communication",Become a Head of Product,"Driven by strategy, collaboration and data-informed decision making.","Innovation, Leadership, Product Strategy","Cycling, Travel, Public Speaking",INTP
U0451,Neha Ram,25,Female,Surat,Gujarat,India,BCA,Machine Learning Engineer,3,Artificial Intelligence,"TensorFlow, PyTorch, Scikit-learn, MLOps",Become an ML Lead,Interested in creating intelligent systems that continuously learn and improve.,"AI Research, Data Science, MLOps","Gaming, Reading, Cycling",ISTP
U0452,Varsha Rajagopalan,24,Female,Warangal,Telangana,India,B.Tech Information Technology,AI Engineer,3,Artificial Intelligence,"Computer Vision, Scikit-learn, OpenCV, Deep Learning",Build AI solutions for healthcare,AI enthusiast with experience in deep learning and computer vision. I enjoy collaborative projects.,"Artificial Intelligence, Hackathons, Computer Vision","Photography, Travel, Chess",INFP
U0453,Oliver Arya,24,Female,Bhubaneswar,Odisha,India,B.Tech Computer Science,Backend Developer,1,Software Development,"Redis, SQL, Node.js, Docker",Design scalable APIs,"Enjoy designing APIs, databases, and cloud-based systems.","Distributed Systems, System Design, Databases","Chess, Reading, Music",ESTJ
U0454,Siddharth Dewan,28,Male,Ahmedabad,Gujarat,India,M.Tech Artificial Intelligence,Cybersecurity Analyst,6,Cybersecurity,"Linux, Wireshark, SIEM, Ethical Hacking",Prevent cyber attacks,Cybersecurity enthusiast passionate about protecting digital systems.,"Cybersecurity, Ethical Hacking, Networking","Chess, Reading, Gaming",INFP
U0455,Nidra Gill,31,Female,Madurai,Tamil Nadu,India,B.E Computer Engineering,Machine Learning Engineer,9,Artificial Intelligence,"MLOps, Scikit-learn, SQL, Python",Become an ML Lead,Machine learning engineer passionate about predictive modeling and scalable AI solutions.,"AI Research, MLOps, Machine Learning","Cycling, Gaming, Reading",ESTP
U0456,Tristan Narasimhan,30,Female,Chennai,Tamil Nadu,India,M.Tech Artificial Intelligence,AI Engineer,7,Artificial Intelligence,"NLP, TensorFlow, OpenCV, Python",Build AI solutions for healthcare,AI enthusiast with experience in deep learning and computer vision. I enjoy collaborative projects.,"Artificial Intelligence, Hackathons, Machine Learning","Chess, Reading, Travel",ENTP
U0457,Ikshita Mander,32,Female,Hyderabad,Telangana,India,B.Tech Information Technology,Data Scientist,8,Data Science,"Power BI, Statistics, Scikit-learn, SQL",Build predictive models,Data enthusiast who enjoys solving business problems through analytics.,"Artificial Intelligence, Visualization, Analytics","Reading, Photography, Travel",ESFJ
U0458,Garima Vala,23,Female,Coimbatore,Tamil Nadu,India,B.Tech Computer Science,Frontend Developer,2,Software Development,"CSS, Tailwind CSS, JavaScript, React",Become a UI Engineering Lead,Love combining creativity with technology to build engaging products.,"Web Design, UI Design, Accessibility","Photography, Travel, Music",ESFP
U0459,Ekansh Srinivas,32,Female,Bhubaneswar,Odisha,India,B.Tech Information Technology,Machine Learning Engineer,10,Artificial Intelligence,"MLOps, Docker, SQL, PyTorch",Improve recommendation systems,Enjoy designing ML pipelines and solving challenging business problems using data.,"Data Science, MLOps, AI Research","Music, Cycling, Gaming",INTJ
U0460,Bahadurjit Dua,35,Female,Vijayawada,Andhra Pradesh,India,M.Tech Artificial Intelligence,Product Manager,10,Product Management,"Agile, Scrum, Communication, Leadership",Build impactful digital products,I enjoy working with engineering and design teams to build innovative products.,"Innovation, Leadership, Product Strategy","Travel, Public Speaking, Reading",INTP
U0461,Hitesh Mangal,26,Male,Surat,Gujarat,India,B.E Computer Engineering,Data Scientist,6,Data Science,"NumPy, Power BI, Python, SQL",Become a Chief Data Scientist,Data enthusiast who enjoys solving business problems through analytics.,"Business Intelligence, Analytics, Visualization","Travel, Cooking, Photography",ISFP
U0462,Girik Buch,33,Female,Chennai,Tamil Nadu,India,MCA,Backend Developer,7,Software Development,"SQL, MongoDB, Python, Java",Design scalable APIs,Love solving complex engineering problems behind the scenes.,"System Design, Cloud, Databases","Coding, Music, Chess",ENTJ
U0463,Thomas Khatri,22,Male,Mumbai,Maharashtra,India,M.Tech Artificial Intelligence,Cybersecurity Analyst,0,Cybersecurity,"Ethical Hacking, SIEM, Penetration Testing, Python",Prevent cyber attacks,Cybersecurity enthusiast passionate about protecting digital systems.,"Cybersecurity, Networking, Digital Forensics","Reading, Chess, Fitness",ENFP
U0464,Lucky Pai,23,Female,Visakhapatnam,Andhra Pradesh,India,M.Tech Data Science,Cloud Engineer,3,Cloud Computing,"CI/CD, Terraform, Azure, Google Cloud",Design secure cloud platforms,Cloud engineer passionate about designing scalable and secure cloud solutions.,"Automation, DevOps, Infrastructure","Photography, Cycling, Reading",ISFP
U0465,Gauri Pal,30,Female,Kolkata,West Bengal,India,B.Tech Computer Science,UI/UX Designer,9,Design,"HTML, CSS, Figma, Wireframing",Create accessible interfaces,Love combining creativity with technology to solve real-world problems.,"Product Design, Accessibility, Creativity","Music, Photography, Travel",ISFJ
U0466,Leena Ram,29,Male,Vijayawada,Andhra Pradesh,India,MCA,Cloud Engineer,4,Cloud Computing,"CI/CD, Azure, Linux, Terraform",Build scalable cloud infrastructure,Cloud engineer passionate about designing scalable and secure cloud solutions.,"Automation, DevOps, Infrastructure","Cycling, Photography, Reading",ISTP
U0467,Champak Sampath,25,Female,Visakhapatnam,Andhra Pradesh,India,B.Tech Computer Science,Cybersecurity Analyst,1,Cybersecurity,"Incident Response, Penetration Testing, Ethical Hacking, Python",Improve digital security,"I enjoy ethical hacking, vulnerability assessment and secure software practices.","Digital Forensics, Ethical Hacking, Networking","Reading, Fitness, Chess",ISTP
U0468,Yagnesh Shere,32,Female,Mumbai,Maharashtra,India,B.Tech Computer Science,Cloud Engineer,8,Cloud Computing,"AWS, Terraform, Linux, Azure",Automate cloud deployments,Interested in cloud-native technologies and DevOps practices.,"Infrastructure, Automation, Cloud Computing","Reading, Travel, Cycling",INTJ
U0469,Ira Agrawal,33,Female,Mangaluru,Karnataka,India,BCA,Machine Learning Engineer,10,Artificial Intelligence,"Scikit-learn, Feature Engineering, Docker, PyTorch",Improve recommendation systems,Enjoy designing ML pipelines and solving challenging business problems using data.,"MLOps, AI Research, Data Science","Music, Reading, Gaming",ISFP
U0470,Damyanti Varghese,22,Male,Vijayawada,Andhra Pradesh,India,M.Tech Data Science,Machine Learning Engineer,0,Artificial Intelligence,"SQL, MLOps, TensorFlow, Python",Improve recommendation systems,Enjoy designing ML pipelines and solving challenging business problems using data.,"Machine Learning, AI Research, MLOps","Music, Reading, Gaming",ISFJ
U0471,Unnati Bhattacharyya,23,Male,Warangal,Telangana,India,B.E Computer Engineering,Cloud Engineer,1,Cloud Computing,"CI/CD, Azure, Kubernetes, AWS",Design secure cloud platforms,Interested in cloud-native technologies and DevOps practices.,"DevOps, Cloud Computing, Automation","Travel, Reading, Cycling",ENFJ
U0472,Karan Nayak,35,Male,Kolkata,West Bengal,India,B.E Computer Engineering,Backend Developer,6,Software Development,"MongoDB, Python, SQL, Docker",Become a Software Architect,Backend developer passionate about building secure and scalable server-side applications.,"Cloud, Distributed Systems, System Design","Music, Coding, Chess",INTJ
U0473,Omkaar Hayre,25,Male,Madurai,Tamil Nadu,India,B.Tech Information Technology,AI Engineer,1,Artificial Intelligence,"Python, Computer Vision, Deep Learning, NLP",Lead AI research projects,AI enthusiast with experience in deep learning and computer vision. I enjoy collaborative projects.,"Open Source, Computer Vision, Hackathons","Travel, Photography, Chess",ESTJ
U0474,Bhanumati Kannan,34,Female,Pune,Maharashtra,India,BCA,Frontend Developer,10,Software Development,"React, HTML, Figma, Tailwind CSS",Build intuitive user interfaces,Enjoy transforming ideas into interactive web and mobile applications.,"Accessibility, Web Design, UI Design","Sketching, Music, Travel",ISTJ
U0475,Ishanvi Ratta,26,Female,Surat,Gujarat,India,M.Tech Artificial Intelligence,Full Stack Developer,3,Software Development,"HTML, JavaScript, TypeScript, Node.js",Build scalable web applications,Enjoy solving software engineering challenges and learning new technologies.,"Cloud Computing, Software Architecture, Open Source","Travel, Reading, Photography",ISTP
U0476,Jagat Dora,33,Female,Mysuru,Karnataka,India,M.Sc Computer Science,Product Manager,6,Product Management,"Data Analysis, Product Strategy, Leadership, Scrum",Lead successful product teams,"Driven by strategy, collaboration and data-informed decision making.","Technology, Product Strategy, Innovation","Reading, Travel, Public Speaking",INFP
U0477,Jacob Sastry,22,Male,Ahmedabad,Gujarat,India,M.Tech Artificial Intelligence,Cybersecurity Analyst,0,Cybersecurity,"Ethical Hacking, Network Security, Wireshark, Incident Response",Prevent cyber attacks,"I enjoy ethical hacking, vulnerability assessment and secure software practices.","Ethical Hacking, Networking, Cybersecurity","Reading, Fitness, Gaming",ENTP
U0478,Devansh Radhakrishnan,35,Male,Bhubaneswar,Odisha,India,MCA,Data Scientist,7,Data Science,"SQL, Power BI, Pandas, NumPy",Become a Chief Data Scientist,Data enthusiast who enjoys solving business problems through analytics.,"Artificial Intelligence, Analytics, Business Intelligence","Travel, Photography, Reading",ENTJ
U0479,Faqid Sharma,22,Male,New Delhi,Delhi,India,MCA,Machine Learning Engineer,0,Artificial Intelligence,"MLOps, PyTorch, Feature Engineering, Python",Build scalable ML pipelines,Machine learning engineer passionate about predictive modeling and scalable AI solutions.,"Data Science, AI Research, MLOps","Reading, Gaming, Cycling",ENFP
U0480,Vamakshi Anne,27,Female,Madurai,Tamil Nadu,India,MCA,Machine Learning Engineer,4,Artificial Intelligence,"Feature Engineering, SQL, Scikit-learn, PyTorch",Work in predictive analytics,Machine learning engineer passionate about predictive modeling and scalable AI solutions.,"MLOps, Machine Learning, AI Research","Reading, Gaming, Cycling",ISTJ
U0481,Warjas Khare,28,Female,Pune,Maharashtra,India,BCA,Product Manager,3,Product Management,"Market Research, Scrum, Communication, Data Analysis",Lead successful product teams,"Driven by strategy, collaboration and data-informed decision making.","Technology, Product Strategy, Innovation","Cycling, Travel, Reading",INTJ
U0482,Pooja Nadkarni,27,Female,New Delhi,Delhi,India,MCA,UI/UX Designer,6,Design,"HTML, Figma, User Research, Wireframing",Lead product design teams,Love combining creativity with technology to solve real-world problems.,"Product Design, Creativity, Accessibility","Sketching, Music, Photography",INTP
U0483,Udarsh Nadig,28,Female,Hyderabad,Telangana,India,M.Sc Computer Science,Backend Developer,5,Software Development,"Node.js, Java, Docker, REST APIs",Build reliable backend systems,"Enjoy designing APIs, databases, and cloud-based systems.","Distributed Systems, Cloud, System Design","Music, Coding, Chess",INTP
U0484,Janya Kalla,26,Male,Ahmedabad,Gujarat,India,B.Tech Information Technology,Machine Learning Engineer,5,Artificial Intelligence,"SQL, Scikit-learn, MLOps, PyTorch",Improve recommendation systems,Machine learning engineer passionate about predictive modeling and scalable AI solutions.,"Machine Learning, AI Research, Data Science","Music, Gaming, Cycling",ISTP
U0485,Amrita Nayak,33,Female,Surat,Gujarat,India,M.Sc Computer Science,Machine Learning Engineer,8,Artificial Intelligence,"Python, Docker, SQL, MLOps",Deploy production-ready ML models,Enjoy designing ML pipelines and solving challenging business problems using data.,"Data Science, Machine Learning, AI Research","Reading, Music, Cycling",INFP
U0486,Matthew Kade,28,Male,Kolkata,West Bengal,India,B.Tech Information Technology,Cloud Engineer,5,Cloud Computing,"Azure, Terraform, Kubernetes, CI/CD",Design secure cloud platforms,Interested in cloud-native technologies and DevOps practices.,"Cloud Computing, DevOps, Automation","Travel, Reading, Cycling",ENFJ
U0487,Nikita Upadhyay,23,Male,Visakhapatnam,Andhra Pradesh,India,M.Sc Computer Science,Machine Learning Engineer,2,Artificial Intelligence,"Scikit-learn, Python, Docker, Feature Engineering",Improve recommendation systems,Interested in creating intelligent systems that continuously learn and improve.,"Data Science, Machine Learning, AI Research","Cycling, Music, Reading",ISFJ
U0488,Mekhala Pandey,29,Male,Warangal,Telangana,India,M.Tech Artificial Intelligence,Frontend Developer,5,Software Development,"React, TypeScript, HTML, Figma",Create accessible applications,Frontend developer passionate about creating beautiful and responsive user experiences.,"Accessibility, Web Design, Mobile Development","Music, Travel, Sketching",ENTP
U0489,Wyatt Chatterjee,24,Male,Chennai,Tamil Nadu,India,M.Tech Data Science,AI Engineer,1,Artificial Intelligence,"PyTorch, Deep Learning, OpenCV, TensorFlow",Become an AI Architect,AI enthusiast with experience in deep learning and computer vision. I enjoy collaborative projects.,"Computer Vision, Machine Learning, Hackathons","Fitness, Travel, Reading",ISTJ
U0490,Ekiya Kumer,27,Female,Warangal,Telangana,India,B.Tech Information Technology,Backend Developer,5,Software Development,"Docker, REST APIs, Java, MongoDB",Design scalable APIs,Backend developer passionate about building secure and scalable server-side applications.,"Cloud, System Design, Distributed Systems","Reading, Music, Chess",ISFP
U0491,Nidra Choudhry,26,Male,Kolkata,West Bengal,India,M.Tech Artificial Intelligence,Data Scientist,3,Data Science,"Statistics, Python, Scikit-learn, Tableau",Become a Chief Data Scientist,Passionate about transforming raw data into meaningful insights.,"Business Intelligence, Artificial Intelligence, Analytics","Travel, Reading, Cooking",INFJ
U0492,Madhav Radhakrishnan,25,Female,Chennai,Tamil Nadu,India,M.Tech Artificial Intelligence,Full Stack Developer,2,Software Development,"React, CSS, JavaScript, TypeScript",Develop high-performance software,Enjoy solving software engineering challenges and learning new technologies.,"Software Architecture, Web Development, Open Source","Reading, Photography, Travel",ENTP
U0493,Gayathri Sekhon,23,Male,New Delhi,Delhi,India,MCA,AI Engineer,3,Artificial Intelligence,"OpenCV, Computer Vision, Deep Learning, TensorFlow",Lead AI research projects,Passionate about artificial intelligence and solving real-world problems through machine learning.,"Hackathons, Machine Learning, Computer Vision","Chess, Fitness, Travel",ISTJ
U0494,Faras Bobal,35,Female,New Delhi,Delhi,India,M.Sc Computer Science,AI Engineer,7,Artificial Intelligence,"Scikit-learn, PyTorch, Computer Vision, Deep Learning",Lead AI research projects,AI enthusiast with experience in deep learning and computer vision. I enjoy collaborative projects.,"Open Source, Machine Learning, Hackathons","Reading, Photography, Chess",ESTJ
U0495,Yachana Vyas,31,Male,Bengaluru,Karnataka,India,B.Tech Information Technology,Machine Learning Engineer,7,Artificial Intelligence,"Python, Docker, MLOps, TensorFlow",Become an ML Lead,Enjoy designing ML pipelines and solving challenging business problems using data.,"Machine Learning, Data Science, AI Research","Music, Gaming, Cycling",ISTP
U0496,Anirudh Bhandari,30,Male,Nagpur,Maharashtra,India,BCA,AI Engineer,10,Artificial Intelligence,"NLP, TensorFlow, Scikit-learn, Deep Learning",Become an AI Architect,Passionate about artificial intelligence and solving real-world problems through machine learning.,"Hackathons, Open Source, Artificial Intelligence","Fitness, Chess, Reading",ENTJ
U0497,Theodore Patla,34,Male,Warangal,Telangana,India,BCA,Frontend Developer,9,Software Development,"Figma, JavaScript, HTML, React",Become a UI Engineering Lead,Love combining creativity with technology to build engaging products.,"Mobile Development, Web Design, UI Design","Music, Photography, Travel",ISFJ
U0498,Warjas Deo,24,Female,Madurai,Tamil Nadu,India,M.Tech Artificial Intelligence,Backend Developer,2,Software Development,"Python, SQL, MongoDB, Docker",Build reliable backend systems,"Enjoy designing APIs, databases, and cloud-based systems.","Distributed Systems, Cloud, Databases","Reading, Coding, Music",ENTP
U0499,Jhalak Babu,26,Female,Warangal,Telangana,India,B.Tech Computer Science,AI Engineer,3,Artificial Intelligence,"OpenCV, Computer Vision, TensorFlow, Python",Become an AI Architect,Curious engineer interested in building intelligent systems that positively impact society.,"Machine Learning, Open Source, Artificial Intelligence","Travel, Reading, Fitness",ISTJ
U0500,Shravya Korpal,28,Female,Kolkata,West Bengal,India,MCA,Full Stack Developer,6,Software Development,"Node.js, MongoDB, TypeScript, JavaScript",Lead development teams,Enjoy solving software engineering challenges and learning new technologies.,"Software Architecture, Web Development, Cloud Computing","Reading, Photography, Travel",INTJ
